{"cameraMode":{"drawMode":0,"name":"Shaded","section":"Shading Mode"},"sceneLighting":false,"audioPlay":false,"sceneViewState":{"m_AlwaysRefresh":false,"showFog":true,"showSkybox":false,"showFlares":true,"showImageEffects":true,"showParticleSystems":true,"showVisualEffectGraphs":true,"m_FxEnabled":true},"in2DMode":false,"pivot":{"x":-0.20112204551696778,"y":-0.00222015380859375,"z":-0.16561880707740785},"rotation":{"x":-0.34911397099494936,"y":0.6219738721847534,"z":-0.3608578145503998,"w":-0.6014776229858398},"size":1.5262548923492432,"orthographic":false}