{"cameraMode":{"drawMode":0,"name":"Shaded","section":"Shading Mode"},"sceneLighting":true,"audioPlay":false,"sceneViewState":{"m_AlwaysRefresh":false,"showFog":true,"showSkybox":false,"showFlares":true,"showImageEffects":true,"showParticleSystems":true,"showVisualEffectGraphs":true,"m_FxEnabled":true},"in2DMode":false,"pivot":{"x":467.0045166015625,"y":388.7953186035156,"z":-130.76800537109376},"rotation":{"x":0.03147900104522705,"y":-0.16176140308380128,"z":0.004623142071068287,"w":0.9866104125976563},"size":326.6604309082031,"orthographic":false}