Using pre-set license
Built from '2022.3/staging' branch; Version is '2022.3.40f1 (cbdda657d2f0) revision 13360550'; Using compiler version '192829333'; Build Type 'Release'
OS: 'Windows 11  (10.0.22631) 64bit Professional' Language: 'ru' Physical Memory: 16328 MB
BatchMode: 1, IsHumanControllingUs: 0, StartBugReporterOnCrash: 0, Is64bit: 1, IsPro: 1

COMMAND LINE ARGUMENTS:
D:\Unity\2022.3.40f1\Editor\Unity.exe
-adb2
-batchMode
-noUpm
-name
AssetImportWorker0
-projectPath
D:/Project/FPT
-logFile
Logs/AssetImportWorker0.log
-srvPort
49842
Successfully changed project path to: D:/Project/FPT
D:/Project/FPT
[UnityMemory] Configuration Parameters - Can be set up in boot.config
    "memorysetup-bucket-allocator-granularity=16"
    "memorysetup-bucket-allocator-bucket-count=8"
    "memorysetup-bucket-allocator-block-size=33554432"
    "memorysetup-bucket-allocator-block-count=8"
    "memorysetup-main-allocator-block-size=16777216"
    "memorysetup-thread-allocator-block-size=16777216"
    "memorysetup-gfx-main-allocator-block-size=16777216"
    "memorysetup-gfx-thread-allocator-block-size=16777216"
    "memorysetup-cache-allocator-block-size=4194304"
    "memorysetup-typetree-allocator-block-size=2097152"
    "memorysetup-profiler-bucket-allocator-granularity=16"
    "memorysetup-profiler-bucket-allocator-bucket-count=8"
    "memorysetup-profiler-bucket-allocator-block-size=33554432"
    "memorysetup-profiler-bucket-allocator-block-count=8"
    "memorysetup-profiler-allocator-block-size=16777216"
    "memorysetup-profiler-editor-allocator-block-size=1048576"
    "memorysetup-temp-allocator-size-main=16777216"
    "memorysetup-job-temp-allocator-block-size=2097152"
    "memorysetup-job-temp-allocator-block-size-background=1048576"
    "memorysetup-job-temp-allocator-reduction-small-platforms=262144"
    "memorysetup-allocator-temp-initial-block-size-main=262144"
    "memorysetup-allocator-temp-initial-block-size-worker=262144"
    "memorysetup-temp-allocator-size-background-worker=32768"
    "memorysetup-temp-allocator-size-job-worker=262144"
    "memorysetup-temp-allocator-size-preload-manager=33554432"
    "memorysetup-temp-allocator-size-nav-mesh-worker=65536"
    "memorysetup-temp-allocator-size-audio-worker=65536"
    "memorysetup-temp-allocator-size-cloud-worker=32768"
    "memorysetup-temp-allocator-size-gi-baking-worker=262144"
    "memorysetup-temp-allocator-size-gfx=262144"
Player connection [63184]  Target information:

Player connection [63184]  * "[IP] 192.168.0.108 [Port] 0 [Flags] 2 [Guid] 3980711226 [EditorId] 3980711226 [Version] 1048832 [Id] WindowsEditor(7,WIN-BT4OC08AVVK) [Debug] 1 [PackageName] WindowsEditor [ProjectName] Editor" 

Player connection [63184] Host joined multi-casting on [225.0.0.222:54997]...
Player connection [63184] Host joined alternative multi-casting on [225.0.0.222:34997]...
[PhysX] Initialized MultithreadedTaskDispatcher with 4 workers.
Refreshing native plugins compatible for Editor in 8.55 ms, found 3 plugins.
Preloading 0 native plugins for Editor in 0.00 ms.
Initialize engine version: 2022.3.40f1 (cbdda657d2f0)
[Subsystems] Discovering subsystems at path D:/Unity/2022.3.40f1/Editor/Data/Resources/UnitySubsystems
[Subsystems] Discovering subsystems at path D:/Project/FPT/Assets
GfxDevice: creating device client; threaded=0; jobified=0
Direct3D:
    Version:  Direct3D 11.0 [level 11.1]
    Renderer: NVIDIA GeForce GTX 1060 3GB (ID=0x1c02)
    Vendor:   NVIDIA
    VRAM:     2965 MB
    Driver:   32.0.15.6070
Initialize mono
Mono path[0] = 'D:/Unity/2022.3.40f1/Editor/Data/Managed'
Mono path[1] = 'D:/Unity/2022.3.40f1/Editor/Data/MonoBleedingEdge/lib/mono/unityjit-win32'
Mono config path = 'D:/Unity/2022.3.40f1/Editor/Data/MonoBleedingEdge/etc'
Using monoOptions --debugger-agent=transport=dt_socket,embedding=1,server=y,suspend=n,address=127.0.0.1:56068
Begin MonoManager ReloadAssembly
Registering precompiled unity dll's ...
Register platform support module: D:/Unity/2022.3.40f1/Editor/Data/PlaybackEngines/WebGLSupport/UnityEditor.WebGL.Extensions.dll
Register platform support module: D:/Unity/2022.3.40f1/Editor/Data/PlaybackEngines/WindowsStandaloneSupport/UnityEditor.WindowsStandalone.Extensions.dll
Registered in 0.006156 seconds.
- Loaded All Assemblies, in  1.619 seconds
Native extension for WindowsStandalone target not found
Native extension for WebGL target not found
Mono: successfully reloaded assembly
- Finished resetting the current domain, in  1.135 seconds
Domain Reload Profiling: 2755ms
	BeginReloadAssembly (433ms)
		ExecutionOrderSort (0ms)
		DisableScriptedObjects (0ms)
		BackupInstance (0ms)
		ReleaseScriptingObjects (0ms)
		CreateAndSetChildDomain (1ms)
	RebuildCommonClasses (325ms)
	RebuildNativeTypeToScriptingClass (36ms)
	initialDomainReloadingComplete (145ms)
	LoadAllAssembliesAndSetupDomain (681ms)
		LoadAssemblies (433ms)
		RebuildTransferFunctionScriptingTraits (0ms)
		AnalyzeDomain (676ms)
			TypeCache.Refresh (320ms)
				TypeCache.ScanAssembly (258ms)
			ScanForSourceGeneratedMonoScriptInfo (2ms)
			ResolveRequiredComponents (1ms)
	FinalizeReload (1136ms)
		ReleaseScriptCaches (0ms)
		RebuildScriptCaches (0ms)
		SetupLoadedEditorAssemblies (868ms)
			LogAssemblyErrors (0ms)
			InitializePlatformSupportModulesInManaged (20ms)
			SetLoadedEditorAssemblies (10ms)
			RefreshPlugins (0ms)
			BeforeProcessingInitializeOnLoad (13ms)
			ProcessInitializeOnLoadAttributes (758ms)
			ProcessInitializeOnLoadMethodAttributes (66ms)
			AfterProcessingInitializeOnLoad (0ms)
			EditorAssembliesLoaded (0ms)
		ExecutionOrderSort2 (0ms)
		AwakeInstancesAfterBackupRestoration (0ms)
========================================================================
Worker process is ready to serve import requests
Caller must complete domain reload
Begin MonoManager ReloadAssembly
- Loaded All Assemblies, in 10.025 seconds
Native extension for WindowsStandalone target not found
Native extension for WebGL target not found
Package Manager log level set to [2]
[Package Manager] Server::EnsureServerProcessIsRunning -- launch failed, reason: Unity was launched with the -noUpm command-line argument
[Package Manager] UpmClient::Send -- Unable to send message (not connected to UPM process).
[Package Manager] Cannot connect to Unity Package Manager local server
Mono: successfully reloaded assembly
- Finished resetting the current domain, in 13.579 seconds
Domain Reload Profiling: 23606ms
	BeginReloadAssembly (455ms)
		ExecutionOrderSort (0ms)
		DisableScriptedObjects (13ms)
		BackupInstance (0ms)
		ReleaseScriptingObjects (0ms)
		CreateAndSetChildDomain (76ms)
	RebuildCommonClasses (63ms)
	RebuildNativeTypeToScriptingClass (22ms)
	initialDomainReloadingComplete (65ms)
	LoadAllAssembliesAndSetupDomain (9420ms)
		LoadAssemblies (897ms)
		RebuildTransferFunctionScriptingTraits (0ms)
		AnalyzeDomain (8768ms)
			TypeCache.Refresh (8607ms)
				TypeCache.ScanAssembly (8516ms)
			ScanForSourceGeneratedMonoScriptInfo (131ms)
			ResolveRequiredComponents (26ms)
	FinalizeReload (13582ms)
		ReleaseScriptCaches (0ms)
		RebuildScriptCaches (0ms)
		SetupLoadedEditorAssemblies (5251ms)
			LogAssemblyErrors (0ms)
			InitializePlatformSupportModulesInManaged (54ms)
			SetLoadedEditorAssemblies (1719ms)
			RefreshPlugins (0ms)
			BeforeProcessingInitializeOnLoad (658ms)
			ProcessInitializeOnLoadAttributes (2644ms)
			ProcessInitializeOnLoadMethodAttributes (165ms)
			AfterProcessingInitializeOnLoad (12ms)
			EditorAssembliesLoaded (0ms)
		ExecutionOrderSort2 (0ms)
		AwakeInstancesAfterBackupRestoration (32ms)
Launched and connected shader compiler UnityShaderCompiler.exe after 0.54 seconds
Refreshing native plugins compatible for Editor in 184.85 ms, found 3 plugins.
Preloading 0 native plugins for Editor in 0.00 ms.
Unloading 3116 Unused Serialized files (Serialized files now loaded: 0)
Unloading 19 unused Assets / (55.3 KB). Loaded Objects now: 3607.
Memory consumption went from 146.8 MB to 146.8 MB.
Total: 9.544800 ms (FindLiveObjects: 0.566800 ms CreateObjectMapping: 1.171500 ms MarkObjects: 7.675500 ms  DeleteObjects: 0.129600 ms)

AssetImportParameters requested are different than current active one (requested -> active):
  custom:container-demuxer-ogg: 62fdf1f143b41e24485cea50d1cbac27 -> 
  custom:video-codec-MediaFoundation-h265: 746d11721c4dcdbdad8f713fa42b33f4 -> 
  custom:video-decoder-ogg-theora: a1e56fd34408186e4bbccfd4996cb3dc -> 
  custom:framework-win-MediaFoundation: 216162199b28c13a410421893ffa2e32 -> 
  custom:CustomObjectIndexerAttribute: 9a22284fe3817be447336de3de66b15e -> 
  custom:container-demuxer-webm: 4f35f7cbe854078d1ac9338744f61a02 -> 
  custom:container-muxer-webm: aa71ff27fc2769a1b78a27578f13a17b -> 
  custom:video-decoder-webm-vp8: 9c59270c3fd7afecdb556c50c9e8de78 -> 
  custom:SearchIndexIgnoredProperties: e643bd26f0fe6173181afceb89e7c659 -> 
  custom:AudioImporter_EditorPlatform: d09bf68614088b80899f8185d706f6e7 -> 
  custom:video-encoder-webm-vp8: eb34c28f22e8b96e1ab97ce403110664 -> 
  custom:audio-decoder-ogg-vorbis: bf7c407c2cedff20999df2af8eb42d56 -> 
  custom:audio-encoder-webm-vorbis: bf7c407c2cedff20999df2af8eb42d56 -> 
========================================================================
Received Import Request.
  Time since last request: 2509186.753794 seconds.
  path: Assets/Script/PlayerAttributeManager.cs
  artifactKey: Guid(aa3e933e63b47ac43b7135457c93a152) Importer(815301076,1909f56bfc062723c751e8b465ee728b)
Start importing Assets/Script/PlayerAttributeManager.cs using Guid(aa3e933e63b47ac43b7135457c93a152) Importer(815301076,1909f56bfc062723c751e8b465ee728b) [PhysX] Initialized MultithreadedTaskDispatcher with 4 workers.
 -> (artifact id: '159a7d7a1e656c936a5c7896813beacc') in 0.011511 seconds
Number of updated asset objects reloaded before import = 0
Number of asset objects unloaded after import = 0
========================================================================
Received Prepare
Caller must complete domain reload
Begin MonoManager ReloadAssembly
- Loaded All Assemblies, in  0.609 seconds
Native extension for WindowsStandalone target not found
Native extension for WebGL target not found
[Package Manager] Server::EnsureServerProcessIsRunning -- launch failed, reason: Unity was launched with the -noUpm command-line argument
[Package Manager] UpmClient::Send -- Unable to send message (not connected to UPM process).
[Package Manager] Cannot connect to Unity Package Manager local server
Mono: successfully reloaded assembly
- Finished resetting the current domain, in  1.376 seconds
Domain Reload Profiling: 1984ms
	BeginReloadAssembly (238ms)
		ExecutionOrderSort (0ms)
		DisableScriptedObjects (10ms)
		BackupInstance (0ms)
		ReleaseScriptingObjects (0ms)
		CreateAndSetChildDomain (52ms)
	RebuildCommonClasses (47ms)
	RebuildNativeTypeToScriptingClass (18ms)
	initialDomainReloadingComplete (37ms)
	LoadAllAssembliesAndSetupDomain (267ms)
		LoadAssemblies (361ms)
		RebuildTransferFunctionScriptingTraits (0ms)
		AnalyzeDomain (34ms)
			TypeCache.Refresh (13ms)
				TypeCache.ScanAssembly (0ms)
			ScanForSourceGeneratedMonoScriptInfo (11ms)
			ResolveRequiredComponents (8ms)
	FinalizeReload (1377ms)
		ReleaseScriptCaches (0ms)
		RebuildScriptCaches (0ms)
		SetupLoadedEditorAssemblies (574ms)
			LogAssemblyErrors (0ms)
			InitializePlatformSupportModulesInManaged (9ms)
			SetLoadedEditorAssemblies (5ms)
			RefreshPlugins (0ms)
			BeforeProcessingInitializeOnLoad (70ms)
			ProcessInitializeOnLoadAttributes (455ms)
			ProcessInitializeOnLoadMethodAttributes (29ms)
			AfterProcessingInitializeOnLoad (6ms)
			EditorAssembliesLoaded (0ms)
		ExecutionOrderSort2 (0ms)
		AwakeInstancesAfterBackupRestoration (13ms)
Refreshing native plugins compatible for Editor in 2.74 ms, found 3 plugins.
Preloading 0 native plugins for Editor in 0.00 ms.
Unloading 3101 Unused Serialized files (Serialized files now loaded: 0)
Unloading 14 unused Assets / (28.5 KB). Loaded Objects now: 3610.
Memory consumption went from 144.1 MB to 144.0 MB.
Total: 3.153900 ms (FindLiveObjects: 0.291800 ms CreateObjectMapping: 0.210700 ms MarkObjects: 2.577700 ms  DeleteObjects: 0.072000 ms)

Prepare: number of updated asset objects reloaded= 0
AssetImportParameters requested are different than current active one (requested -> active):
  custom:container-demuxer-ogg: 62fdf1f143b41e24485cea50d1cbac27 -> 
  custom:video-codec-MediaFoundation-h265: 746d11721c4dcdbdad8f713fa42b33f4 -> 
  custom:video-decoder-ogg-theora: a1e56fd34408186e4bbccfd4996cb3dc -> 
  custom:framework-win-MediaFoundation: 216162199b28c13a410421893ffa2e32 -> 
  custom:scripting/monoscript/fileName/PlayerData.cs: 8ca4ada49c093560d7d67d8756124ddb -> 286454c2e58a78b8fc055a4fc68a9654
  custom:CustomObjectIndexerAttribute: 9a22284fe3817be447336de3de66b15e -> 
  custom:container-demuxer-webm: 4f35f7cbe854078d1ac9338744f61a02 -> 
  custom:container-muxer-webm: aa71ff27fc2769a1b78a27578f13a17b -> 
  custom:video-decoder-webm-vp8: 9c59270c3fd7afecdb556c50c9e8de78 -> 
  custom:SearchIndexIgnoredProperties: e643bd26f0fe6173181afceb89e7c659 -> 
  custom:AudioImporter_EditorPlatform: d09bf68614088b80899f8185d706f6e7 -> 
  custom:video-encoder-webm-vp8: eb34c28f22e8b96e1ab97ce403110664 -> 
  custom:audio-decoder-ogg-vorbis: bf7c407c2cedff20999df2af8eb42d56 -> 
  custom:audio-encoder-webm-vorbis: bf7c407c2cedff20999df2af8eb42d56 -> 
  custom:scripting/precompiled-assembly-types:Assembly-CSharp: 0e11eafe0d31f60d0b1f879c2f85c8d4 -> 9a606d0c7e5ace70f10c0f3d447b9730
========================================================================
Received Import Request.
  Time since last request: 1344.108188 seconds.
  path: Assets/Script/Item.cs
  artifactKey: Guid(6a994a1b9bb1ff941840b29209d91644) Importer(815301076,1909f56bfc062723c751e8b465ee728b)
Start importing Assets/Script/Item.cs using Guid(6a994a1b9bb1ff941840b29209d91644) Importer(815301076,1909f56bfc062723c751e8b465ee728b) [PhysX] Initialized MultithreadedTaskDispatcher with 4 workers.
 -> (artifact id: 'a5c7c6fcc8a5802cb63923ff24124255') in 0.028803 seconds
Number of updated asset objects reloaded before import = 0
Number of asset objects unloaded after import = 0
========================================================================
Received Import Request.
  Time since last request: 9.817321 seconds.
  path: Assets/Script/Item.cs
  artifactKey: Guid(6a994a1b9bb1ff941840b29209d91644) Importer(815301076,1909f56bfc062723c751e8b465ee728b)
Start importing Assets/Script/Item.cs using Guid(6a994a1b9bb1ff941840b29209d91644) Importer(815301076,1909f56bfc062723c751e8b465ee728b) [PhysX] Initialized MultithreadedTaskDispatcher with 4 workers.
 -> (artifact id: '20b377b6652b1ce1831e2a1904a7fbba') in 0.002317 seconds
Number of updated asset objects reloaded before import = 0
Number of asset objects unloaded after import = 0
========================================================================
Received Import Request.
  Time since last request: 12.935350 seconds.
  path: Assets/Script/ItemCatalog.cs
  artifactKey: Guid(8b34ab8dadd907340a16beb90cd37a38) Importer(815301076,1909f56bfc062723c751e8b465ee728b)
Start importing Assets/Script/ItemCatalog.cs using Guid(8b34ab8dadd907340a16beb90cd37a38) Importer(815301076,1909f56bfc062723c751e8b465ee728b) [PhysX] Initialized MultithreadedTaskDispatcher with 4 workers.
 -> (artifact id: '54be65910168a8d3601e38f7cfdf4b7e') in 0.001342 seconds
Number of updated asset objects reloaded before import = 0
Number of asset objects unloaded after import = 0
========================================================================
Received Import Request.
  Time since last request: 66.656557 seconds.
  path: Assets/Script/ItemCatalog.cs
  artifactKey: Guid(8b34ab8dadd907340a16beb90cd37a38) Importer(815301076,1909f56bfc062723c751e8b465ee728b)
Start importing Assets/Script/ItemCatalog.cs using Guid(8b34ab8dadd907340a16beb90cd37a38) Importer(815301076,1909f56bfc062723c751e8b465ee728b) [PhysX] Initialized MultithreadedTaskDispatcher with 4 workers.
 -> (artifact id: 'f6084455ef55beabbd6ca896b85c417f') in 0.003596 seconds
Number of updated asset objects reloaded before import = 0
Number of asset objects unloaded after import = 0
========================================================================
Received Import Request.
  Time since last request: 81.367356 seconds.
  path: Assets/Script/ItemCatalog.cs
  artifactKey: Guid(8b34ab8dadd907340a16beb90cd37a38) Importer(815301076,1909f56bfc062723c751e8b465ee728b)
Start importing Assets/Script/ItemCatalog.cs using Guid(8b34ab8dadd907340a16beb90cd37a38) Importer(815301076,1909f56bfc062723c751e8b465ee728b) [PhysX] Initialized MultithreadedTaskDispatcher with 4 workers.
 -> (artifact id: 'd7f2387cbad5b02e51806e1d4596f3a9') in 0.001653 seconds
Number of updated asset objects reloaded before import = 0
Number of asset objects unloaded after import = 0
========================================================================
Received Prepare
Caller must complete domain reload
Begin MonoManager ReloadAssembly
- Loaded All Assemblies, in  5.662 seconds
Native extension for WindowsStandalone target not found
Native extension for WebGL target not found
[Package Manager] Server::EnsureServerProcessIsRunning -- launch failed, reason: Unity was launched with the -noUpm command-line argument
[Package Manager] UpmClient::Send -- Unable to send message (not connected to UPM process).
[Package Manager] Cannot connect to Unity Package Manager local server
Mono: successfully reloaded assembly
- Finished resetting the current domain, in 17.278 seconds
Domain Reload Profiling: 22940ms
	BeginReloadAssembly (310ms)
		ExecutionOrderSort (0ms)
		DisableScriptedObjects (99ms)
		BackupInstance (0ms)
		ReleaseScriptingObjects (0ms)
		CreateAndSetChildDomain (41ms)
	RebuildCommonClasses (51ms)
	RebuildNativeTypeToScriptingClass (19ms)
	initialDomainReloadingComplete (53ms)
	LoadAllAssembliesAndSetupDomain (5227ms)
		LoadAssemblies (5302ms)
		RebuildTransferFunctionScriptingTraits (0ms)
		AnalyzeDomain (47ms)
			TypeCache.Refresh (21ms)
				TypeCache.ScanAssembly (1ms)
			ScanForSourceGeneratedMonoScriptInfo (14ms)
			ResolveRequiredComponents (11ms)
	FinalizeReload (17278ms)
		ReleaseScriptCaches (0ms)
		RebuildScriptCaches (0ms)
		SetupLoadedEditorAssemblies (694ms)
			LogAssemblyErrors (0ms)
			InitializePlatformSupportModulesInManaged (12ms)
			SetLoadedEditorAssemblies (7ms)
			RefreshPlugins (0ms)
			BeforeProcessingInitializeOnLoad (84ms)
			ProcessInitializeOnLoadAttributes (557ms)
			ProcessInitializeOnLoadMethodAttributes (31ms)
			AfterProcessingInitializeOnLoad (2ms)
			EditorAssembliesLoaded (0ms)
		ExecutionOrderSort2 (0ms)
		AwakeInstancesAfterBackupRestoration (14ms)
Script is not up to date after domain reload: guid(726f3c6fa63aa39479f44fb8292dd113) path("Assets/Script/PlayerProgressManager.cs") state(2)
Refreshing native plugins compatible for Editor in 7.86 ms, found 3 plugins.
Preloading 0 native plugins for Editor in 0.00 ms.
Unloading 3102 Unused Serialized files (Serialized files now loaded: 0)
Unloading 14 unused Assets / (28.5 KB). Loaded Objects now: 3614.
Memory consumption went from 144.1 MB to 144.1 MB.
Total: 6.501700 ms (FindLiveObjects: 0.510700 ms CreateObjectMapping: 0.459200 ms MarkObjects: 5.422800 ms  DeleteObjects: 0.107200 ms)

Prepare: number of updated asset objects reloaded= 0
AssetImportParameters requested are different than current active one (requested -> active):
  custom:container-demuxer-ogg: 62fdf1f143b41e24485cea50d1cbac27 -> 
  custom:video-codec-MediaFoundation-h265: 746d11721c4dcdbdad8f713fa42b33f4 -> 
  custom:video-decoder-ogg-theora: a1e56fd34408186e4bbccfd4996cb3dc -> 
  custom:framework-win-MediaFoundation: 216162199b28c13a410421893ffa2e32 -> 
  custom:CustomObjectIndexerAttribute: 9a22284fe3817be447336de3de66b15e -> 
  custom:scripting/monoscript/fileName/ItemCatalog.cs: b2053100239fe8bf89ade50a293d8323 -> 
  custom:container-demuxer-webm: 4f35f7cbe854078d1ac9338744f61a02 -> 
  custom:container-muxer-webm: aa71ff27fc2769a1b78a27578f13a17b -> 
  custom:video-decoder-webm-vp8: 9c59270c3fd7afecdb556c50c9e8de78 -> 
  custom:SearchIndexIgnoredProperties: e643bd26f0fe6173181afceb89e7c659 -> 
  custom:AudioImporter_EditorPlatform: d09bf68614088b80899f8185d706f6e7 -> 
  custom:video-encoder-webm-vp8: eb34c28f22e8b96e1ab97ce403110664 -> 
  custom:audio-decoder-ogg-vorbis: bf7c407c2cedff20999df2af8eb42d56 -> 
  custom:scripting/monoscript/fileName/Item.cs: e2626df27719ae821590ab6ec2382d8f -> 
  custom:audio-encoder-webm-vorbis: bf7c407c2cedff20999df2af8eb42d56 -> 
  custom:scripting/precompiled-assembly-types:Assembly-CSharp: 2056e6e688e185697f430f23fb057124 -> 9a606d0c7e5ace70f10c0f3d447b9730
========================================================================
Received Prepare
Caller must complete domain reload
Begin MonoManager ReloadAssembly
- Loaded All Assemblies, in  0.997 seconds
Native extension for WindowsStandalone target not found
Native extension for WebGL target not found
[Package Manager] Server::EnsureServerProcessIsRunning -- launch failed, reason: Unity was launched with the -noUpm command-line argument
[Package Manager] UpmClient::Send -- Unable to send message (not connected to UPM process).
[Package Manager] Cannot connect to Unity Package Manager local server
Mono: successfully reloaded assembly
- Finished resetting the current domain, in  1.634 seconds
Domain Reload Profiling: 2631ms
	BeginReloadAssembly (271ms)
		ExecutionOrderSort (0ms)
		DisableScriptedObjects (8ms)
		BackupInstance (0ms)
		ReleaseScriptingObjects (0ms)
		CreateAndSetChildDomain (75ms)
	RebuildCommonClasses (61ms)
	RebuildNativeTypeToScriptingClass (20ms)
	initialDomainReloadingComplete (71ms)
	LoadAllAssembliesAndSetupDomain (573ms)
		LoadAssemblies (685ms)
		RebuildTransferFunctionScriptingTraits (0ms)
		AnalyzeDomain (38ms)
			TypeCache.Refresh (16ms)
				TypeCache.ScanAssembly (1ms)
			ScanForSourceGeneratedMonoScriptInfo (10ms)
			ResolveRequiredComponents (10ms)
	FinalizeReload (1635ms)
		ReleaseScriptCaches (0ms)
		RebuildScriptCaches (0ms)
		SetupLoadedEditorAssemblies (795ms)
			LogAssemblyErrors (0ms)
			InitializePlatformSupportModulesInManaged (9ms)
			SetLoadedEditorAssemblies (6ms)
			RefreshPlugins (0ms)
			BeforeProcessingInitializeOnLoad (80ms)
			ProcessInitializeOnLoadAttributes (660ms)
			ProcessInitializeOnLoadMethodAttributes (34ms)
			AfterProcessingInitializeOnLoad (5ms)
			EditorAssembliesLoaded (0ms)
		ExecutionOrderSort2 (0ms)
		AwakeInstancesAfterBackupRestoration (19ms)
Refreshing native plugins compatible for Editor in 4.12 ms, found 3 plugins.
Preloading 0 native plugins for Editor in 0.00 ms.
Unloading 3104 Unused Serialized files (Serialized files now loaded: 0)
Unloading 14 unused Assets / (28.5 KB). Loaded Objects now: 3618.
Memory consumption went from 144.4 MB to 144.3 MB.
Total: 7.724200 ms (FindLiveObjects: 0.646500 ms CreateObjectMapping: 0.619800 ms MarkObjects: 6.405200 ms  DeleteObjects: 0.051300 ms)

Prepare: number of updated asset objects reloaded= 0
AssetImportParameters requested are different than current active one (requested -> active):
  custom:container-demuxer-ogg: 62fdf1f143b41e24485cea50d1cbac27 -> 
  custom:video-codec-MediaFoundation-h265: 746d11721c4dcdbdad8f713fa42b33f4 -> 
  custom:video-decoder-ogg-theora: a1e56fd34408186e4bbccfd4996cb3dc -> 
  custom:framework-win-MediaFoundation: 216162199b28c13a410421893ffa2e32 -> 
  custom:CustomObjectIndexerAttribute: 9a22284fe3817be447336de3de66b15e -> 
  custom:scripting/monoscript/fileName/ItemCatalog.cs: b2053100239fe8bf89ade50a293d8323 -> 
  custom:container-demuxer-webm: 4f35f7cbe854078d1ac9338744f61a02 -> 
  custom:container-muxer-webm: aa71ff27fc2769a1b78a27578f13a17b -> 
  custom:video-decoder-webm-vp8: 9c59270c3fd7afecdb556c50c9e8de78 -> 
  custom:SearchIndexIgnoredProperties: e643bd26f0fe6173181afceb89e7c659 -> 
  custom:AudioImporter_EditorPlatform: d09bf68614088b80899f8185d706f6e7 -> 
  custom:video-encoder-webm-vp8: eb34c28f22e8b96e1ab97ce403110664 -> 
  custom:audio-decoder-ogg-vorbis: bf7c407c2cedff20999df2af8eb42d56 -> 
  custom:scripting/monoscript/fileName/Item.cs: e2626df27719ae821590ab6ec2382d8f -> 
  custom:audio-encoder-webm-vorbis: bf7c407c2cedff20999df2af8eb42d56 -> 
  custom:scripting/precompiled-assembly-types:Assembly-CSharp: 8add8228f9c54268c5d408bff19812c8 -> 9a606d0c7e5ace70f10c0f3d447b9730
========================================================================
Received Import Request.
  Time since last request: 204.044589 seconds.
  path: Assets/Script/ItemCatalog.cs
  artifactKey: Guid(8b34ab8dadd907340a16beb90cd37a38) Importer(815301076,1909f56bfc062723c751e8b465ee728b)
Start importing Assets/Script/ItemCatalog.cs using Guid(8b34ab8dadd907340a16beb90cd37a38) Importer(815301076,1909f56bfc062723c751e8b465ee728b) [PhysX] Initialized MultithreadedTaskDispatcher with 4 workers.
 -> (artifact id: '92b715b7a7816b63ceea9ff649afa182') in 0.011877 seconds
Number of updated asset objects reloaded before import = 0
Number of asset objects unloaded after import = 0
========================================================================
Received Import Request.
  Time since last request: 111.314259 seconds.
  path: Assets/Script/ItemCatalog.cs
  artifactKey: Guid(8b34ab8dadd907340a16beb90cd37a38) Importer(815301076,1909f56bfc062723c751e8b465ee728b)
Start importing Assets/Script/ItemCatalog.cs using Guid(8b34ab8dadd907340a16beb90cd37a38) Importer(815301076,1909f56bfc062723c751e8b465ee728b) [PhysX] Initialized MultithreadedTaskDispatcher with 4 workers.
 -> (artifact id: 'aeb7ea152c52314693aa0bc990aaf079') in 0.000720 seconds
Number of updated asset objects reloaded before import = 0
Number of asset objects unloaded after import = 0
========================================================================
Received Prepare
Caller must complete domain reload
Begin MonoManager ReloadAssembly
- Loaded All Assemblies, in  0.535 seconds
Native extension for WindowsStandalone target not found
Native extension for WebGL target not found
[Package Manager] Server::EnsureServerProcessIsRunning -- launch failed, reason: Unity was launched with the -noUpm command-line argument
[Package Manager] UpmClient::Send -- Unable to send message (not connected to UPM process).
[Package Manager] Cannot connect to Unity Package Manager local server
Mono: successfully reloaded assembly
- Finished resetting the current domain, in  1.064 seconds
Domain Reload Profiling: 1599ms
	BeginReloadAssembly (180ms)
		ExecutionOrderSort (0ms)
		DisableScriptedObjects (7ms)
		BackupInstance (0ms)
		ReleaseScriptingObjects (0ms)
		CreateAndSetChildDomain (35ms)
	RebuildCommonClasses (44ms)
	RebuildNativeTypeToScriptingClass (17ms)
	initialDomainReloadingComplete (31ms)
	LoadAllAssembliesAndSetupDomain (262ms)
		LoadAssemblies (333ms)
		RebuildTransferFunctionScriptingTraits (0ms)
		AnalyzeDomain (35ms)
			TypeCache.Refresh (12ms)
				TypeCache.ScanAssembly (0ms)
			ScanForSourceGeneratedMonoScriptInfo (13ms)
			ResolveRequiredComponents (9ms)
	FinalizeReload (1065ms)
		ReleaseScriptCaches (0ms)
		RebuildScriptCaches (0ms)
		SetupLoadedEditorAssemblies (451ms)
			LogAssemblyErrors (0ms)
			InitializePlatformSupportModulesInManaged (7ms)
			SetLoadedEditorAssemblies (6ms)
			RefreshPlugins (0ms)
			BeforeProcessingInitializeOnLoad (66ms)
			ProcessInitializeOnLoadAttributes (346ms)
			ProcessInitializeOnLoadMethodAttributes (24ms)
			AfterProcessingInitializeOnLoad (2ms)
			EditorAssembliesLoaded (0ms)
		ExecutionOrderSort2 (0ms)
		AwakeInstancesAfterBackupRestoration (13ms)
Refreshing native plugins compatible for Editor in 2.70 ms, found 3 plugins.
Preloading 0 native plugins for Editor in 0.00 ms.
Unloading 3103 Unused Serialized files (Serialized files now loaded: 0)
Unloading 14 unused Assets / (28.5 KB). Loaded Objects now: 3621.
Memory consumption went from 144.1 MB to 144.1 MB.
Total: 3.930900 ms (FindLiveObjects: 0.372300 ms CreateObjectMapping: 0.317200 ms MarkObjects: 3.161300 ms  DeleteObjects: 0.078300 ms)

Prepare: number of updated asset objects reloaded= 0
AssetImportParameters requested are different than current active one (requested -> active):
  custom:container-demuxer-ogg: 62fdf1f143b41e24485cea50d1cbac27 -> 
  custom:video-codec-MediaFoundation-h265: 746d11721c4dcdbdad8f713fa42b33f4 -> 
  custom:video-decoder-ogg-theora: a1e56fd34408186e4bbccfd4996cb3dc -> 
  custom:framework-win-MediaFoundation: 216162199b28c13a410421893ffa2e32 -> 
  custom:CustomObjectIndexerAttribute: 9a22284fe3817be447336de3de66b15e -> 
  custom:scripting/monoscript/fileName/ItemCatalog.cs: b2053100239fe8bf89ade50a293d8323 -> 
  custom:container-demuxer-webm: 4f35f7cbe854078d1ac9338744f61a02 -> 
  custom:container-muxer-webm: aa71ff27fc2769a1b78a27578f13a17b -> 
  custom:video-decoder-webm-vp8: 9c59270c3fd7afecdb556c50c9e8de78 -> 
  custom:SearchIndexIgnoredProperties: e643bd26f0fe6173181afceb89e7c659 -> 
  custom:AudioImporter_EditorPlatform: d09bf68614088b80899f8185d706f6e7 -> 
  custom:video-encoder-webm-vp8: eb34c28f22e8b96e1ab97ce403110664 -> 
  custom:audio-decoder-ogg-vorbis: bf7c407c2cedff20999df2af8eb42d56 -> 
  custom:scripting/monoscript/fileName/Item.cs: e2626df27719ae821590ab6ec2382d8f -> 
  custom:audio-encoder-webm-vorbis: bf7c407c2cedff20999df2af8eb42d56 -> 
  custom:scripting/precompiled-assembly-types:Assembly-CSharp: 8add8228f9c54268c5d408bff19812c8 -> 9a606d0c7e5ace70f10c0f3d447b9730
========================================================================
Received Import Request.
  Time since last request: 210.218913 seconds.
  path: Assets/Image
  artifactKey: Guid(f509f3327b665144295115e6ab6c4e7c) Importer(815301076,1909f56bfc062723c751e8b465ee728b)
Start importing Assets/Image using Guid(f509f3327b665144295115e6ab6c4e7c) Importer(815301076,1909f56bfc062723c751e8b465ee728b) [PhysX] Initialized MultithreadedTaskDispatcher with 4 workers.
 -> (artifact id: '5d1a0a88e1c93aea80f5fbbee56ab4eb') in 0.007933 seconds
Number of updated asset objects reloaded before import = 0
Number of asset objects unloaded after import = 0
========================================================================
Received Import Request.
  Time since last request: 7.999128 seconds.
  path: Assets/Image/Weapon
  artifactKey: Guid(557a16933fc327d45871d888ba9f0300) Importer(815301076,1909f56bfc062723c751e8b465ee728b)
Start importing Assets/Image/Weapon using Guid(557a16933fc327d45871d888ba9f0300) Importer(815301076,1909f56bfc062723c751e8b465ee728b) [PhysX] Initialized MultithreadedTaskDispatcher with 4 workers.
 -> (artifact id: '16034ab274bdaa2c18e06284334f76c2') in 0.000749 seconds
Number of updated asset objects reloaded before import = 0
Number of asset objects unloaded after import = 0
========================================================================
Received Prepare
Caller must complete domain reload
Begin MonoManager ReloadAssembly
- Loaded All Assemblies, in  0.880 seconds
Native extension for WindowsStandalone target not found
Native extension for WebGL target not found
[Package Manager] Server::EnsureServerProcessIsRunning -- launch failed, reason: Unity was launched with the -noUpm command-line argument
[Package Manager] UpmClient::Send -- Unable to send message (not connected to UPM process).
[Package Manager] Cannot connect to Unity Package Manager local server
Mono: successfully reloaded assembly
- Finished resetting the current domain, in  1.392 seconds
Domain Reload Profiling: 2271ms
	BeginReloadAssembly (541ms)
		ExecutionOrderSort (0ms)
		DisableScriptedObjects (9ms)
		BackupInstance (0ms)
		ReleaseScriptingObjects (0ms)
		CreateAndSetChildDomain (57ms)
	RebuildCommonClasses (45ms)
	RebuildNativeTypeToScriptingClass (16ms)
	initialDomainReloadingComplete (36ms)
	LoadAllAssembliesAndSetupDomain (241ms)
		LoadAssemblies (645ms)
		RebuildTransferFunctionScriptingTraits (0ms)
		AnalyzeDomain (26ms)
			TypeCache.Refresh (10ms)
				TypeCache.ScanAssembly (0ms)
			ScanForSourceGeneratedMonoScriptInfo (8ms)
			ResolveRequiredComponents (7ms)
	FinalizeReload (1392ms)
		ReleaseScriptCaches (0ms)
		RebuildScriptCaches (0ms)
		SetupLoadedEditorAssemblies (549ms)
			LogAssemblyErrors (0ms)
			InitializePlatformSupportModulesInManaged (7ms)
			SetLoadedEditorAssemblies (6ms)
			RefreshPlugins (0ms)
			BeforeProcessingInitializeOnLoad (101ms)
			ProcessInitializeOnLoadAttributes (403ms)
			ProcessInitializeOnLoadMethodAttributes (26ms)
			AfterProcessingInitializeOnLoad (6ms)
			EditorAssembliesLoaded (0ms)
		ExecutionOrderSort2 (0ms)
		AwakeInstancesAfterBackupRestoration (15ms)
Refreshing native plugins compatible for Editor in 2.81 ms, found 3 plugins.
Preloading 0 native plugins for Editor in 0.00 ms.
Unloading 3103 Unused Serialized files (Serialized files now loaded: 0)
Unloading 14 unused Assets / (28.5 KB). Loaded Objects now: 3624.
Memory consumption went from 144.1 MB to 144.1 MB.
Total: 2.943100 ms (FindLiveObjects: 0.297800 ms CreateObjectMapping: 0.226100 ms MarkObjects: 2.371700 ms  DeleteObjects: 0.043700 ms)

Prepare: number of updated asset objects reloaded= 0
AssetImportParameters requested are different than current active one (requested -> active):
  custom:container-demuxer-ogg: 62fdf1f143b41e24485cea50d1cbac27 -> 
  custom:video-codec-MediaFoundation-h265: 746d11721c4dcdbdad8f713fa42b33f4 -> 
  custom:video-decoder-ogg-theora: a1e56fd34408186e4bbccfd4996cb3dc -> 
  custom:framework-win-MediaFoundation: 216162199b28c13a410421893ffa2e32 -> 
  custom:CustomObjectIndexerAttribute: 9a22284fe3817be447336de3de66b15e -> 
  custom:scripting/monoscript/fileName/ItemCatalog.cs: b2053100239fe8bf89ade50a293d8323 -> 
  custom:container-demuxer-webm: 4f35f7cbe854078d1ac9338744f61a02 -> 
  custom:container-muxer-webm: aa71ff27fc2769a1b78a27578f13a17b -> 
  custom:video-decoder-webm-vp8: 9c59270c3fd7afecdb556c50c9e8de78 -> 
  custom:SearchIndexIgnoredProperties: e643bd26f0fe6173181afceb89e7c659 -> 
  custom:AudioImporter_EditorPlatform: d09bf68614088b80899f8185d706f6e7 -> 
  custom:video-encoder-webm-vp8: eb34c28f22e8b96e1ab97ce403110664 -> 
  custom:audio-decoder-ogg-vorbis: bf7c407c2cedff20999df2af8eb42d56 -> 
  custom:scripting/monoscript/fileName/Item.cs: e2626df27719ae821590ab6ec2382d8f -> 
  custom:audio-encoder-webm-vorbis: bf7c407c2cedff20999df2af8eb42d56 -> 
  custom:scripting/precompiled-assembly-types:Assembly-CSharp: 8add8228f9c54268c5d408bff19812c8 -> 9a606d0c7e5ace70f10c0f3d447b9730
========================================================================
Received Import Request.
  Time since last request: 1760.265231 seconds.
  path: Assets/Scenes/JsMenu.unity
  artifactKey: Guid(e84e0b8161edbf54d929967c135bcbc2) Importer(815301076,1909f56bfc062723c751e8b465ee728b)
Start importing Assets/Scenes/JsMenu.unity using Guid(e84e0b8161edbf54d929967c135bcbc2) Importer(815301076,1909f56bfc062723c751e8b465ee728b) [PhysX] Initialized MultithreadedTaskDispatcher with 4 workers.
 -> (artifact id: '26d03ab2172d8afd7b5a460c4e38d410') in 0.006385 seconds
Number of updated asset objects reloaded before import = 0
Number of asset objects unloaded after import = 0
========================================================================
Received Import Request.
  Time since last request: 142.539833 seconds.
  path: Assets/WebMenu
  artifactKey: Guid(ea61a7a152e91cf4c9f04403ee59ec2a) Importer(815301076,1909f56bfc062723c751e8b465ee728b)
Start importing Assets/WebMenu using Guid(ea61a7a152e91cf4c9f04403ee59ec2a) Importer(815301076,1909f56bfc062723c751e8b465ee728b) [PhysX] Initialized MultithreadedTaskDispatcher with 4 workers.
 -> (artifact id: '6676bab1832688570796b3a54dbbcdcf') in 0.000754 seconds
Number of updated asset objects reloaded before import = 0
Number of asset objects unloaded after import = 0
========================================================================
Received Import Request.
  Time since last request: 186.376114 seconds.
  path: Assets/WebMenu/style.css
  artifactKey: Guid(dfc5d37f8e8962747a7e603716522c5a) Importer(815301076,1909f56bfc062723c751e8b465ee728b)
Start importing Assets/WebMenu/style.css using Guid(dfc5d37f8e8962747a7e603716522c5a) Importer(815301076,1909f56bfc062723c751e8b465ee728b) [PhysX] Initialized MultithreadedTaskDispatcher with 4 workers.
 -> (artifact id: '898f893e02d25c2cb8048b855f48d045') in 0.027016 seconds
Number of updated asset objects reloaded before import = 0
Number of asset objects unloaded after import = 1
========================================================================
Received Import Request.
  Time since last request: 78.689774 seconds.
  path: Assets/WebMenu/index.hmtl
  artifactKey: Guid(94cc564158a812f439633bbe4c71f888) Importer(815301076,1909f56bfc062723c751e8b465ee728b)
Start importing Assets/WebMenu/index.hmtl using Guid(94cc564158a812f439633bbe4c71f888) Importer(815301076,1909f56bfc062723c751e8b465ee728b) [PhysX] Initialized MultithreadedTaskDispatcher with 4 workers.
 -> (artifact id: '5365de278092d26a3f0722a9bb623eca') in 0.001052 seconds
Number of updated asset objects reloaded before import = 0
Number of asset objects unloaded after import = 1
========================================================================
Received Import Request.
  Time since last request: 15.976703 seconds.
  path: Assets/WebMenu/index.hmtl
  artifactKey: Guid(94cc564158a812f439633bbe4c71f888) Importer(815301076,1909f56bfc062723c751e8b465ee728b)
Start importing Assets/WebMenu/index.hmtl using Guid(94cc564158a812f439633bbe4c71f888) Importer(815301076,1909f56bfc062723c751e8b465ee728b) [PhysX] Initialized MultithreadedTaskDispatcher with 4 workers.
 -> (artifact id: 'b8e1384fe7ef3d80f5c52d2e9220bb82') in 0.002160 seconds
Number of updated asset objects reloaded before import = 0
Number of asset objects unloaded after import = 1
========================================================================
Received Import Request.
  Time since last request: 0.740467 seconds.
  path: Assets/WebMenu/script.js
  artifactKey: Guid(c0e6dfcc6e124db46a0cbe499a410450) Importer(815301076,1909f56bfc062723c751e8b465ee728b)
Start importing Assets/WebMenu/script.js using Guid(c0e6dfcc6e124db46a0cbe499a410450) Importer(815301076,1909f56bfc062723c751e8b465ee728b) [PhysX] Initialized MultithreadedTaskDispatcher with 4 workers.
 -> (artifact id: '8037a24485253b0e74f6bb28a53926b4') in 0.001091 seconds
Number of updated asset objects reloaded before import = 0
Number of asset objects unloaded after import = 1
========================================================================
Received Import Request.
  Time since last request: 46.369385 seconds.
  path: Assets/WebMenu/style.css
  artifactKey: Guid(dfc5d37f8e8962747a7e603716522c5a) Importer(815301076,1909f56bfc062723c751e8b465ee728b)
Start importing Assets/WebMenu/style.css using Guid(dfc5d37f8e8962747a7e603716522c5a) Importer(815301076,1909f56bfc062723c751e8b465ee728b) [PhysX] Initialized MultithreadedTaskDispatcher with 4 workers.
 -> (artifact id: '86cc859c6a8952a23c38cb323f6b0aa4') in 0.001729 seconds
Number of updated asset objects reloaded before import = 0
Number of asset objects unloaded after import = 1
========================================================================
Received Import Request.
  Time since last request: 4.984208 seconds.
  path: Assets/WebMenu/NewBehaviourScript.cs
  artifactKey: Guid(b41b9e062908e66449dcbaf87d27dfe4) Importer(815301076,1909f56bfc062723c751e8b465ee728b)
Start importing Assets/WebMenu/NewBehaviourScript.cs using Guid(b41b9e062908e66449dcbaf87d27dfe4) Importer(815301076,1909f56bfc062723c751e8b465ee728b) [PhysX] Initialized MultithreadedTaskDispatcher with 4 workers.
 -> (artifact id: 'b2cab7b77446e7ad062536c5100703ca') in 0.002017 seconds
Number of updated asset objects reloaded before import = 0
Number of asset objects unloaded after import = 0
========================================================================
Received Prepare
Caller must complete domain reload
Begin MonoManager ReloadAssembly
- Loaded All Assemblies, in  0.538 seconds
Native extension for WindowsStandalone target not found
Native extension for WebGL target not found
[Package Manager] Server::EnsureServerProcessIsRunning -- launch failed, reason: Unity was launched with the -noUpm command-line argument
[Package Manager] UpmClient::Send -- Unable to send message (not connected to UPM process).
[Package Manager] Cannot connect to Unity Package Manager local server
Mono: successfully reloaded assembly
- Finished resetting the current domain, in  1.012 seconds
Domain Reload Profiling: 1550ms
	BeginReloadAssembly (196ms)
		ExecutionOrderSort (0ms)
		DisableScriptedObjects (7ms)
		BackupInstance (0ms)
		ReleaseScriptingObjects (0ms)
		CreateAndSetChildDomain (44ms)
	RebuildCommonClasses (49ms)
	RebuildNativeTypeToScriptingClass (15ms)
	initialDomainReloadingComplete (29ms)
	LoadAllAssembliesAndSetupDomain (248ms)
		LoadAssemblies (329ms)
		RebuildTransferFunctionScriptingTraits (0ms)
		AnalyzeDomain (30ms)
			TypeCache.Refresh (11ms)
				TypeCache.ScanAssembly (0ms)
			ScanForSourceGeneratedMonoScriptInfo (10ms)
			ResolveRequiredComponents (7ms)
	FinalizeReload (1012ms)
		ReleaseScriptCaches (0ms)
		RebuildScriptCaches (0ms)
		SetupLoadedEditorAssemblies (466ms)
			LogAssemblyErrors (0ms)
			InitializePlatformSupportModulesInManaged (8ms)
			SetLoadedEditorAssemblies (4ms)
			RefreshPlugins (0ms)
			BeforeProcessingInitializeOnLoad (69ms)
			ProcessInitializeOnLoadAttributes (357ms)
			ProcessInitializeOnLoadMethodAttributes (24ms)
			AfterProcessingInitializeOnLoad (3ms)
			EditorAssembliesLoaded (0ms)
		ExecutionOrderSort2 (0ms)
		AwakeInstancesAfterBackupRestoration (12ms)
Refreshing native plugins compatible for Editor in 3.61 ms, found 3 plugins.
Preloading 0 native plugins for Editor in 0.00 ms.
Unloading 3104 Unused Serialized files (Serialized files now loaded: 0)
Unloading 14 unused Assets / (28.5 KB). Loaded Objects now: 3629.
Memory consumption went from 144.1 MB to 144.1 MB.
Total: 3.337600 ms (FindLiveObjects: 0.303300 ms CreateObjectMapping: 0.227100 ms MarkObjects: 2.759700 ms  DeleteObjects: 0.045600 ms)

Prepare: number of updated asset objects reloaded= 0
AssetImportParameters requested are different than current active one (requested -> active):
  custom:container-demuxer-ogg: 62fdf1f143b41e24485cea50d1cbac27 -> 
  custom:video-codec-MediaFoundation-h265: 746d11721c4dcdbdad8f713fa42b33f4 -> 
  custom:video-decoder-ogg-theora: a1e56fd34408186e4bbccfd4996cb3dc -> 
  custom:framework-win-MediaFoundation: 216162199b28c13a410421893ffa2e32 -> 
  custom:scripting/monoscript/fileName/NewBehaviourScript.cs: b21687ddb03d73bd9f0c1daecb9714de -> 
  custom:CustomObjectIndexerAttribute: 9a22284fe3817be447336de3de66b15e -> 
  custom:scripting/monoscript/fileName/ItemCatalog.cs: b2053100239fe8bf89ade50a293d8323 -> 
  custom:container-demuxer-webm: 4f35f7cbe854078d1ac9338744f61a02 -> 
  custom:container-muxer-webm: aa71ff27fc2769a1b78a27578f13a17b -> 
  custom:video-decoder-webm-vp8: 9c59270c3fd7afecdb556c50c9e8de78 -> 
  custom:SearchIndexIgnoredProperties: e643bd26f0fe6173181afceb89e7c659 -> 
  custom:AudioImporter_EditorPlatform: d09bf68614088b80899f8185d706f6e7 -> 
  custom:video-encoder-webm-vp8: eb34c28f22e8b96e1ab97ce403110664 -> 
  custom:audio-decoder-ogg-vorbis: bf7c407c2cedff20999df2af8eb42d56 -> 
  custom:scripting/monoscript/fileName/Item.cs: e2626df27719ae821590ab6ec2382d8f -> 
  custom:audio-encoder-webm-vorbis: bf7c407c2cedff20999df2af8eb42d56 -> 
  custom:scripting/precompiled-assembly-types:Assembly-CSharp: b14ab28184250f9d29ecdd7b5afefcd5 -> 9a606d0c7e5ace70f10c0f3d447b9730
========================================================================
Received Import Request.
  Time since last request: 11.694096 seconds.
  path: Assets/WebMenu/NewBehaviourScript.cs
  artifactKey: Guid(b41b9e062908e66449dcbaf87d27dfe4) Importer(815301076,1909f56bfc062723c751e8b465ee728b)
Start importing Assets/WebMenu/NewBehaviourScript.cs using Guid(b41b9e062908e66449dcbaf87d27dfe4) Importer(815301076,1909f56bfc062723c751e8b465ee728b) [PhysX] Initialized MultithreadedTaskDispatcher with 4 workers.
 -> (artifact id: '3598f53565a939f8d20e0185eb08e371') in 0.005592 seconds
Number of updated asset objects reloaded before import = 0
Number of asset objects unloaded after import = 0
========================================================================
Received Import Request.
  Time since last request: 3.611850 seconds.
  path: Assets/WebMenu/WebGLHtmlController.cs
  artifactKey: Guid(b41b9e062908e66449dcbaf87d27dfe4) Importer(815301076,1909f56bfc062723c751e8b465ee728b)
Start importing Assets/WebMenu/WebGLHtmlController.cs using Guid(b41b9e062908e66449dcbaf87d27dfe4) Importer(815301076,1909f56bfc062723c751e8b465ee728b) [PhysX] Initialized MultithreadedTaskDispatcher with 4 workers.
 -> (artifact id: 'b901fa7f66b0ed9db87da2219bb4845c') in 0.000702 seconds
Number of updated asset objects reloaded before import = 0
Number of asset objects unloaded after import = 0
========================================================================
Received Import Request.
  Time since last request: 6.366669 seconds.
  path: Assets/WebMenu/WebGLHtmlController.cs
  artifactKey: Guid(b41b9e062908e66449dcbaf87d27dfe4) Importer(815301076,1909f56bfc062723c751e8b465ee728b)
Start importing Assets/WebMenu/WebGLHtmlController.cs using Guid(b41b9e062908e66449dcbaf87d27dfe4) Importer(815301076,1909f56bfc062723c751e8b465ee728b) [PhysX] Initialized MultithreadedTaskDispatcher with 4 workers.
 -> (artifact id: '2a2d163504ef3e1bd6661d26da6344fd') in 0.005854 seconds
Number of updated asset objects reloaded before import = 0
Number of asset objects unloaded after import = 0
========================================================================
Received Prepare
Caller must complete domain reload
Begin MonoManager ReloadAssembly
- Loaded All Assemblies, in  0.665 seconds
Native extension for WindowsStandalone target not found
Native extension for WebGL target not found
[Package Manager] Server::EnsureServerProcessIsRunning -- launch failed, reason: Unity was launched with the -noUpm command-line argument
[Package Manager] UpmClient::Send -- Unable to send message (not connected to UPM process).
[Package Manager] Cannot connect to Unity Package Manager local server
Mono: successfully reloaded assembly
- Finished resetting the current domain, in  1.714 seconds
Domain Reload Profiling: 2379ms
	BeginReloadAssembly (187ms)
		ExecutionOrderSort (0ms)
		DisableScriptedObjects (7ms)
		BackupInstance (0ms)
		ReleaseScriptingObjects (0ms)
		CreateAndSetChildDomain (37ms)
	RebuildCommonClasses (44ms)
	RebuildNativeTypeToScriptingClass (15ms)
	initialDomainReloadingComplete (32ms)
	LoadAllAssembliesAndSetupDomain (387ms)
		LoadAssemblies (461ms)
		RebuildTransferFunctionScriptingTraits (0ms)
		AnalyzeDomain (33ms)
			TypeCache.Refresh (12ms)
				TypeCache.ScanAssembly (0ms)
			ScanForSourceGeneratedMonoScriptInfo (11ms)
			ResolveRequiredComponents (8ms)
	FinalizeReload (1714ms)
		ReleaseScriptCaches (0ms)
		RebuildScriptCaches (0ms)
		SetupLoadedEditorAssemblies (539ms)
			LogAssemblyErrors (0ms)
			InitializePlatformSupportModulesInManaged (7ms)
			SetLoadedEditorAssemblies (8ms)
			RefreshPlugins (0ms)
			BeforeProcessingInitializeOnLoad (69ms)
			ProcessInitializeOnLoadAttributes (427ms)
			ProcessInitializeOnLoadMethodAttributes (26ms)
			AfterProcessingInitializeOnLoad (2ms)
			EditorAssembliesLoaded (0ms)
		ExecutionOrderSort2 (0ms)
		AwakeInstancesAfterBackupRestoration (12ms)
Refreshing native plugins compatible for Editor in 2.28 ms, found 3 plugins.
Preloading 0 native plugins for Editor in 0.00 ms.
Unloading 3104 Unused Serialized files (Serialized files now loaded: 0)
Unloading 14 unused Assets / (28.5 KB). Loaded Objects now: 3632.
Memory consumption went from 144.1 MB to 144.1 MB.
Total: 3.454900 ms (FindLiveObjects: 0.298400 ms CreateObjectMapping: 0.265300 ms MarkObjects: 2.834100 ms  DeleteObjects: 0.055600 ms)

Prepare: number of updated asset objects reloaded= 0
AssetImportParameters requested are different than current active one (requested -> active):
  custom:container-demuxer-ogg: 62fdf1f143b41e24485cea50d1cbac27 -> 
  custom:video-codec-MediaFoundation-h265: 746d11721c4dcdbdad8f713fa42b33f4 -> 
  custom:video-decoder-ogg-theora: a1e56fd34408186e4bbccfd4996cb3dc -> 
  custom:framework-win-MediaFoundation: 216162199b28c13a410421893ffa2e32 -> 
  custom:scripting/monoscript/fileName/NewBehaviourScript.cs: b21687ddb03d73bd9f0c1daecb9714de -> 
  custom:CustomObjectIndexerAttribute: 9a22284fe3817be447336de3de66b15e -> 
  custom:scripting/monoscript/fileName/ItemCatalog.cs: b2053100239fe8bf89ade50a293d8323 -> 
  custom:container-demuxer-webm: 4f35f7cbe854078d1ac9338744f61a02 -> 
  custom:container-muxer-webm: aa71ff27fc2769a1b78a27578f13a17b -> 
  custom:video-decoder-webm-vp8: 9c59270c3fd7afecdb556c50c9e8de78 -> 
  custom:SearchIndexIgnoredProperties: e643bd26f0fe6173181afceb89e7c659 -> 
  custom:AudioImporter_EditorPlatform: d09bf68614088b80899f8185d706f6e7 -> 
  custom:scripting/monoscript/fileName/WebGLHtmlController.cs: ced719fde89a539f731294762e6bc1e4 -> 
  custom:video-encoder-webm-vp8: eb34c28f22e8b96e1ab97ce403110664 -> 
  custom:audio-decoder-ogg-vorbis: bf7c407c2cedff20999df2af8eb42d56 -> 
  custom:scripting/monoscript/fileName/Item.cs: e2626df27719ae821590ab6ec2382d8f -> 
  custom:audio-encoder-webm-vorbis: bf7c407c2cedff20999df2af8eb42d56 -> 
  custom:scripting/precompiled-assembly-types:Assembly-CSharp: ae53717a980162d276f652cf8b1275ee -> 9a606d0c7e5ace70f10c0f3d447b9730
========================================================================
Received Import Request.
  Time since last request: 94.090053 seconds.
  path: Assets/WebMenu/WebGLHtmlController.cs
  artifactKey: Guid(b41b9e062908e66449dcbaf87d27dfe4) Importer(815301076,1909f56bfc062723c751e8b465ee728b)
Start importing Assets/WebMenu/WebGLHtmlController.cs using Guid(b41b9e062908e66449dcbaf87d27dfe4) Importer(815301076,1909f56bfc062723c751e8b465ee728b) [PhysX] Initialized MultithreadedTaskDispatcher with 4 workers.
 -> (artifact id: 'e4f5d22d721492558ddca5d61d7e2045') in 0.003929 seconds
Number of updated asset objects reloaded before import = 0
Number of asset objects unloaded after import = 0
========================================================================
Received Prepare
Caller must complete domain reload
Begin MonoManager ReloadAssembly
- Loaded All Assemblies, in  0.524 seconds
Native extension for WindowsStandalone target not found
Native extension for WebGL target not found
[Package Manager] Server::EnsureServerProcessIsRunning -- launch failed, reason: Unity was launched with the -noUpm command-line argument
[Package Manager] UpmClient::Send -- Unable to send message (not connected to UPM process).
[Package Manager] Cannot connect to Unity Package Manager local server
Mono: successfully reloaded assembly
- Finished resetting the current domain, in  1.754 seconds
Domain Reload Profiling: 2279ms
	BeginReloadAssembly (182ms)
		ExecutionOrderSort (0ms)
		DisableScriptedObjects (7ms)
		BackupInstance (0ms)
		ReleaseScriptingObjects (0ms)
		CreateAndSetChildDomain (35ms)
	RebuildCommonClasses (43ms)
	RebuildNativeTypeToScriptingClass (16ms)
	initialDomainReloadingComplete (31ms)
	LoadAllAssembliesAndSetupDomain (252ms)
		LoadAssemblies (344ms)
		RebuildTransferFunctionScriptingTraits (0ms)
		AnalyzeDomain (16ms)
			TypeCache.Refresh (7ms)
				TypeCache.ScanAssembly (0ms)
			ScanForSourceGeneratedMonoScriptInfo (0ms)
			ResolveRequiredComponents (8ms)
	FinalizeReload (1755ms)
		ReleaseScriptCaches (0ms)
		RebuildScriptCaches (0ms)
		SetupLoadedEditorAssemblies (1029ms)
			LogAssemblyErrors (0ms)
			InitializePlatformSupportModulesInManaged (11ms)
			SetLoadedEditorAssemblies (186ms)
			RefreshPlugins (0ms)
			BeforeProcessingInitializeOnLoad (107ms)
			ProcessInitializeOnLoadAttributes (659ms)
			ProcessInitializeOnLoadMethodAttributes (62ms)
			AfterProcessingInitializeOnLoad (3ms)
			EditorAssembliesLoaded (0ms)
		ExecutionOrderSort2 (0ms)
		AwakeInstancesAfterBackupRestoration (17ms)
Refreshing native plugins compatible for Editor in 3.62 ms, found 3 plugins.
Preloading 0 native plugins for Editor in 0.00 ms.
Unloading 3104 Unused Serialized files (Serialized files now loaded: 0)
Unloading 14 unused Assets / (28.5 KB). Loaded Objects now: 3635.
Memory consumption went from 144.1 MB to 144.1 MB.
Total: 3.885800 ms (FindLiveObjects: 0.364000 ms CreateObjectMapping: 0.368400 ms MarkObjects: 3.090700 ms  DeleteObjects: 0.061200 ms)

Prepare: number of updated asset objects reloaded= 0
AssetImportParameters requested are different than current active one (requested -> active):
  custom:container-demuxer-ogg: 62fdf1f143b41e24485cea50d1cbac27 -> 
  custom:video-codec-MediaFoundation-h265: 746d11721c4dcdbdad8f713fa42b33f4 -> 
  custom:video-decoder-ogg-theora: a1e56fd34408186e4bbccfd4996cb3dc -> 
  custom:framework-win-MediaFoundation: 216162199b28c13a410421893ffa2e32 -> 
  custom:scripting/monoscript/fileName/NewBehaviourScript.cs: b21687ddb03d73bd9f0c1daecb9714de -> 
  custom:CustomObjectIndexerAttribute: 9a22284fe3817be447336de3de66b15e -> 
  custom:scripting/monoscript/fileName/ItemCatalog.cs: b2053100239fe8bf89ade50a293d8323 -> 
  custom:container-demuxer-webm: 4f35f7cbe854078d1ac9338744f61a02 -> 
  custom:container-muxer-webm: aa71ff27fc2769a1b78a27578f13a17b -> 
  custom:video-decoder-webm-vp8: 9c59270c3fd7afecdb556c50c9e8de78 -> 
  custom:SearchIndexIgnoredProperties: e643bd26f0fe6173181afceb89e7c659 -> 
  custom:AudioImporter_EditorPlatform: d09bf68614088b80899f8185d706f6e7 -> 
  custom:scripting/monoscript/fileName/WebGLHtmlController.cs: ced719fde89a539f731294762e6bc1e4 -> 
  custom:video-encoder-webm-vp8: eb34c28f22e8b96e1ab97ce403110664 -> 
  custom:audio-decoder-ogg-vorbis: bf7c407c2cedff20999df2af8eb42d56 -> 
  custom:scripting/monoscript/fileName/Item.cs: e2626df27719ae821590ab6ec2382d8f -> 
  custom:audio-encoder-webm-vorbis: bf7c407c2cedff20999df2af8eb42d56 -> 
  custom:scripting/precompiled-assembly-types:Assembly-CSharp: ae53717a980162d276f652cf8b1275ee -> 9a606d0c7e5ace70f10c0f3d447b9730
========================================================================
Received Import Request.
  Time since last request: 83.797544 seconds.
  path: Assets/WebGLTemplates
  artifactKey: Guid(8c80791189424b140a2c9444f32e1ad7) Importer(815301076,1909f56bfc062723c751e8b465ee728b)
Start importing Assets/WebGLTemplates using Guid(8c80791189424b140a2c9444f32e1ad7) Importer(815301076,1909f56bfc062723c751e8b465ee728b) [PhysX] Initialized MultithreadedTaskDispatcher with 4 workers.
 -> (artifact id: '46bb80dd7bd534c39b28a17974e4ebba') in 0.004668 seconds
Number of updated asset objects reloaded before import = 0
Number of asset objects unloaded after import = 0
========================================================================
Received Import Request.
  Time since last request: 17.649223 seconds.
  path: Assets/WebGLTemplates/htmlControl.js
  artifactKey: Guid(9fdfe39803217654f9ed3747ae74fa32) Importer(815301076,1909f56bfc062723c751e8b465ee728b)
Start importing Assets/WebGLTemplates/htmlControl.js using Guid(9fdfe39803217654f9ed3747ae74fa32) Importer(815301076,1909f56bfc062723c751e8b465ee728b) [PhysX] Initialized MultithreadedTaskDispatcher with 4 workers.
 -> (artifact id: '22e0f5d43bd6232b7ec96a31b6640be1') in 0.027221 seconds
Number of updated asset objects reloaded before import = 0
Number of asset objects unloaded after import = 1
========================================================================
Received Import Request.
  Time since last request: 2.654376 seconds.
  path: Assets/WebGLTemplates/MyTemplate.js
  artifactKey: Guid(9fdfe39803217654f9ed3747ae74fa32) Importer(815301076,1909f56bfc062723c751e8b465ee728b)
Start importing Assets/WebGLTemplates/MyTemplate.js using Guid(9fdfe39803217654f9ed3747ae74fa32) Importer(815301076,1909f56bfc062723c751e8b465ee728b) [PhysX] Initialized MultithreadedTaskDispatcher with 4 workers.
 -> (artifact id: '59762fb2dbaeea10a78a44ed934817d1') in 0.001953 seconds
Number of updated asset objects reloaded before import = 0
Number of asset objects unloaded after import = 1
========================================================================
Received Import Request.
  Time since last request: 7.112494 seconds.
  path: Assets/WebGLTemplates/index.hmtl
  artifactKey: Guid(94cc564158a812f439633bbe4c71f888) Importer(815301076,1909f56bfc062723c751e8b465ee728b)
Start importing Assets/WebGLTemplates/index.hmtl using Guid(94cc564158a812f439633bbe4c71f888) Importer(815301076,1909f56bfc062723c751e8b465ee728b) [PhysX] Initialized MultithreadedTaskDispatcher with 4 workers.
 -> (artifact id: '607644a586adaef1c042cee803fd9c08') in 0.001059 seconds
Number of updated asset objects reloaded before import = 0
Number of asset objects unloaded after import = 1
========================================================================
Received Import Request.
  Time since last request: 7.209585 seconds.
  path: Assets/WebGLTemplates/MyTemplate.hmtl
  artifactKey: Guid(94cc564158a812f439633bbe4c71f888) Importer(815301076,1909f56bfc062723c751e8b465ee728b)
Start importing Assets/WebGLTemplates/MyTemplate.hmtl using Guid(94cc564158a812f439633bbe4c71f888) Importer(815301076,1909f56bfc062723c751e8b465ee728b) [PhysX] Initialized MultithreadedTaskDispatcher with 4 workers.
 -> (artifact id: '03335916240211f42cc85ac5a2fc6eaf') in 0.000981 seconds
Number of updated asset objects reloaded before import = 0
Number of asset objects unloaded after import = 1
========================================================================
Received Import Request.
  Time since last request: 5.479579 seconds.
  path: Assets/WebGLTemplates/MyTemplate.hmtl
  artifactKey: Guid(94cc564158a812f439633bbe4c71f888) Importer(815301076,1909f56bfc062723c751e8b465ee728b)
Start importing Assets/WebGLTemplates/MyTemplate.hmtl using Guid(94cc564158a812f439633bbe4c71f888) Importer(815301076,1909f56bfc062723c751e8b465ee728b) [PhysX] Initialized MultithreadedTaskDispatcher with 4 workers.
 -> (artifact id: '337dbe5390d97e65206f05b05c9b5e21') in 0.001812 seconds
Number of updated asset objects reloaded before import = 0
Number of asset objects unloaded after import = 1
========================================================================
Received Import Request.
  Time since last request: 37.930114 seconds.
  path: Assets/WebGLTemplates/MyTemplate.html
  artifactKey: Guid(b9378fac46569bb4ebb22e09c6530c2d) Importer(815301076,1909f56bfc062723c751e8b465ee728b)
Start importing Assets/WebGLTemplates/MyTemplate.html using Guid(b9378fac46569bb4ebb22e09c6530c2d) Importer(815301076,1909f56bfc062723c751e8b465ee728b) [PhysX] Initialized MultithreadedTaskDispatcher with 4 workers.
 -> (artifact id: '5be06dc2c3f4f828b0afc14b192fff2d') in 0.001054 seconds
Number of updated asset objects reloaded before import = 0
Number of asset objects unloaded after import = 1
========================================================================
Received Import Request.
  Time since last request: 79.900171 seconds.
  path: Assets/New Terrain.asset
  artifactKey: Guid(825300ac730ccc24bb3a0fbac9354d6d) Importer(2089858483,0ecaa5967403d082aa24f35e1b516d23)
Start importing Assets/New Terrain.asset using Guid(825300ac730ccc24bb3a0fbac9354d6d) Importer(2089858483,0ecaa5967403d082aa24f35e1b516d23) [PhysX] Initialized MultithreadedTaskDispatcher with 4 workers.
 -> (artifact id: '3309799d58780f03938fa9b8b93e0584') in 0.213886 seconds
Number of updated asset objects reloaded before import = 0
Number of asset objects unloaded after import = 1
========================================================================
Received Import Request.
  Time since last request: 0.000038 seconds.
  path: Assets/Script/Item.cs
  artifactKey: Guid(6a994a1b9bb1ff941840b29209d91644) Importer(2089858483,0ecaa5967403d082aa24f35e1b516d23)
Start importing Assets/Script/Item.cs using Guid(6a994a1b9bb1ff941840b29209d91644) Importer(2089858483,0ecaa5967403d082aa24f35e1b516d23) [PhysX] Initialized MultithreadedTaskDispatcher with 4 workers.
 -> (artifact id: '3a9cc885ba40f569e7d61a1ef1a356a8') in 0.050346 seconds
Number of updated asset objects reloaded before import = 0
Number of asset objects unloaded after import = 1
========================================================================
Received Import Request.
  Time since last request: 0.000056 seconds.
  path: Assets/Material/New Material.mat
  artifactKey: Guid(1ba2d73341376114f8f0a88c028ba2a5) Importer(2089858483,0ecaa5967403d082aa24f35e1b516d23)
Start importing Assets/Material/New Material.mat using Guid(1ba2d73341376114f8f0a88c028ba2a5) Importer(2089858483,0ecaa5967403d082aa24f35e1b516d23) [PhysX] Initialized MultithreadedTaskDispatcher with 4 workers.
 -> (artifact id: 'f96df1615df23e97fcfc5d516647a156') in 0.076699 seconds
Number of updated asset objects reloaded before import = 0
Number of asset objects unloaded after import = 1
========================================================================
Received Import Request.
  Time since last request: 0.000263 seconds.
  path: Assets/Script/TowerData.cs
  artifactKey: Guid(96e88646a036ade4b8c8106123a8bbb9) Importer(2089858483,0ecaa5967403d082aa24f35e1b516d23)
Start importing Assets/Script/TowerData.cs using Guid(96e88646a036ade4b8c8106123a8bbb9) Importer(2089858483,0ecaa5967403d082aa24f35e1b516d23) [PhysX] Initialized MultithreadedTaskDispatcher with 4 workers.
 -> (artifact id: '40e70bec91084761fb22b55fa032929e') in 0.018417 seconds
Number of updated asset objects reloaded before import = 0
Number of asset objects unloaded after import = 1
========================================================================
Received Import Request.
  Time since last request: 0.000023 seconds.
  path: Assets/Resources/Prefab/Player.prefab
  artifactKey: Guid(f644c344ed366cf44843f012f48ffb7c) Importer(2089858483,0ecaa5967403d082aa24f35e1b516d23)
Start importing Assets/Resources/Prefab/Player.prefab using Guid(f644c344ed366cf44843f012f48ffb7c) Importer(2089858483,0ecaa5967403d082aa24f35e1b516d23) [PhysX] Initialized MultithreadedTaskDispatcher with 4 workers.
 -> (artifact id: '0b7fec0224851c40b8ea87de97131717') in 0.012086 seconds
Number of updated asset objects reloaded before import = 0
Number of asset objects unloaded after import = 0
========================================================================
Received Import Request.
  Time since last request: 0.000034 seconds.
  path: Assets/Script/FloorInfo.cs
  artifactKey: Guid(d1a3e7097efb5f94d9032700bb53157d) Importer(2089858483,0ecaa5967403d082aa24f35e1b516d23)
Start importing Assets/Script/FloorInfo.cs using Guid(d1a3e7097efb5f94d9032700bb53157d) Importer(2089858483,0ecaa5967403d082aa24f35e1b516d23) [PhysX] Initialized MultithreadedTaskDispatcher with 4 workers.
 -> (artifact id: 'e90158f16a38aa1d8f574b89c289a255') in 0.015625 seconds
Number of updated asset objects reloaded before import = 0
Number of asset objects unloaded after import = 1
========================================================================
Received Import Request.
  Time since last request: 0.000023 seconds.
  path: Assets/Little_GhostLP(FREE)/Material/Axe/Axe.mat
  artifactKey: Guid(a3700889b6176874ba23b59b6cd3d206) Importer(2089858483,0ecaa5967403d082aa24f35e1b516d23)
Start importing Assets/Little_GhostLP(FREE)/Material/Axe/Axe.mat using Guid(a3700889b6176874ba23b59b6cd3d206) Importer(2089858483,0ecaa5967403d082aa24f35e1b516d23) [PhysX] Initialized MultithreadedTaskDispatcher with 4 workers.
 -> (artifact id: '242a3f3d4fbd6c4e03af47c445ad8910') in 0.047620 seconds
Number of updated asset objects reloaded before import = 0
Number of asset objects unloaded after import = 2
========================================================================
Received Import Request.
  Time since last request: 0.000025 seconds.
  path: Assets/Script/PlayerData.cs
  artifactKey: Guid(5a43d6a534326fe489cbd166869cd41e) Importer(2089858483,0ecaa5967403d082aa24f35e1b516d23)
Start importing Assets/Script/PlayerData.cs using Guid(5a43d6a534326fe489cbd166869cd41e) Importer(2089858483,0ecaa5967403d082aa24f35e1b516d23) [PhysX] Initialized MultithreadedTaskDispatcher with 4 workers.
 -> (artifact id: '4f2a12429642d716629e10f52124c986') in 0.017286 seconds
Number of updated asset objects reloaded before import = 0
Number of asset objects unloaded after import = 1
========================================================================
Received Import Request.
  Time since last request: 0.000022 seconds.
  path: Assets/Little_GhostLP(FREE)/Prefabs/LittleGhost_LP (3).prefab
  artifactKey: Guid(5a796ed211b2cec468ecadad11acb207) Importer(2089858483,0ecaa5967403d082aa24f35e1b516d23)
Start importing Assets/Little_GhostLP(FREE)/Prefabs/LittleGhost_LP (3).prefab using Guid(5a796ed211b2cec468ecadad11acb207) Importer(2089858483,0ecaa5967403d082aa24f35e1b516d23) [PhysX] Initialized MultithreadedTaskDispatcher with 4 workers.
 -> (artifact id: '6cafb6955a26c1a5562c5c10116693d4') in 0.075079 seconds
Number of updated asset objects reloaded before import = 0
Number of asset objects unloaded after import = 53
========================================================================
Received Import Request.
  Time since last request: 0.000027 seconds.
  path: Assets/Polytope Studio/Lowpoly_Environments/Prefabs/Rocks/PT_Ore_Rock_01_split.prefab
  artifactKey: Guid(4202bcf0261b7184381139880446dfd6) Importer(2089858483,0ecaa5967403d082aa24f35e1b516d23)
Start importing Assets/Polytope Studio/Lowpoly_Environments/Prefabs/Rocks/PT_Ore_Rock_01_split.prefab using Guid(4202bcf0261b7184381139880446dfd6) Importer(2089858483,0ecaa5967403d082aa24f35e1b516d23) [PhysX] Initialized MultithreadedTaskDispatcher with 4 workers.
 -> (artifact id: '44d25bde3c2aa76f9045143478ad295a') in 0.038162 seconds
Number of updated asset objects reloaded before import = 0
Number of asset objects unloaded after import = 20
========================================================================
Received Import Request.
  Time since last request: 0.000030 seconds.
  path: Assets/Polytope Studio/Lowpoly_Environments/SRP/PT_Nature_Free_URP_16.0.5.unitypackage
  artifactKey: Guid(b2b57b8ebc2bca44eacd6d991d27ea97) Importer(2089858483,0ecaa5967403d082aa24f35e1b516d23)
Start importing Assets/Polytope Studio/Lowpoly_Environments/SRP/PT_Nature_Free_URP_16.0.5.unitypackage using Guid(b2b57b8ebc2bca44eacd6d991d27ea97) Importer(2089858483,0ecaa5967403d082aa24f35e1b516d23) [PhysX] Initialized MultithreadedTaskDispatcher with 4 workers.
 -> (artifact id: '4fe0c4547ee52db235f7dd0116de08f2') in 0.016535 seconds
Number of updated asset objects reloaded before import = 0
Number of asset objects unloaded after import = 1
========================================================================
Received Import Request.
  Time since last request: 0.000027 seconds.
  path: Assets/Script/DeathMenu.cs
  artifactKey: Guid(5879891eb1f15634191ed1c7f64aa876) Importer(2089858483,0ecaa5967403d082aa24f35e1b516d23)
Start importing Assets/Script/DeathMenu.cs using Guid(5879891eb1f15634191ed1c7f64aa876) Importer(2089858483,0ecaa5967403d082aa24f35e1b516d23) [PhysX] Initialized MultithreadedTaskDispatcher with 4 workers.
 -> (artifact id: '6cf3984d60e3ab620f914169c76328a7') in 0.014134 seconds
Number of updated asset objects reloaded before import = 0
Number of asset objects unloaded after import = 1
========================================================================
Received Import Request.
  Time since last request: 0.000020 seconds.
  path: Assets/Polytope Studio/Lowpoly_Demos/Environment_Free/Helpers/PT_Medieval_Village_Gate_01 1.fbx
  artifactKey: Guid(fe0e66efb90310c4b81063d19da129b3) Importer(2089858483,0ecaa5967403d082aa24f35e1b516d23)
Start importing Assets/Polytope Studio/Lowpoly_Demos/Environment_Free/Helpers/PT_Medieval_Village_Gate_01 1.fbx using Guid(fe0e66efb90310c4b81063d19da129b3) Importer(2089858483,0ecaa5967403d082aa24f35e1b516d23) [PhysX] Initialized MultithreadedTaskDispatcher with 4 workers.
 -> (artifact id: '1408c42062eff2c0e1138d03788d1b14') in 0.067105 seconds
Number of updated asset objects reloaded before import = 0
Number of asset objects unloaded after import = 22
========================================================================
Received Import Request.
  Time since last request: 0.000022 seconds.
  path: Assets/Polytope Studio/Lowpoly_Demos/Environment_Free/Helpers/PT_Generic_Tree_Leaves_mat 1.mat
  artifactKey: Guid(e58dbc3582eb6ff41b1bbd8a11960175) Importer(2089858483,0ecaa5967403d082aa24f35e1b516d23)
Start importing Assets/Polytope Studio/Lowpoly_Demos/Environment_Free/Helpers/PT_Generic_Tree_Leaves_mat 1.mat using Guid(e58dbc3582eb6ff41b1bbd8a11960175) Importer(2089858483,0ecaa5967403d082aa24f35e1b516d23) [PhysX] Initialized MultithreadedTaskDispatcher with 4 workers.
 -> (artifact id: '2b9f7f7227fd35fa3be891a2d02e8fdc') in 0.053805 seconds
Number of updated asset objects reloaded before import = 0
Number of asset objects unloaded after import = 2
========================================================================
Received Import Request.
  Time since last request: 0.000018 seconds.
  path: Assets/Script/PlayerAttributeManager.cs
  artifactKey: Guid(aa3e933e63b47ac43b7135457c93a152) Importer(2089858483,0ecaa5967403d082aa24f35e1b516d23)
Start importing Assets/Script/PlayerAttributeManager.cs using Guid(aa3e933e63b47ac43b7135457c93a152) Importer(2089858483,0ecaa5967403d082aa24f35e1b516d23) [PhysX] Initialized MultithreadedTaskDispatcher with 4 workers.
 -> (artifact id: 'a1758d46dad0eaff89fbac539fa8b125') in 0.019236 seconds
Number of updated asset objects reloaded before import = 0
Number of asset objects unloaded after import = 1
========================================================================
Received Import Request.
  Time since last request: 0.000022 seconds.
  path: Assets/WebGLTemplates/style.css
  artifactKey: Guid(dfc5d37f8e8962747a7e603716522c5a) Importer(2089858483,0ecaa5967403d082aa24f35e1b516d23)
Start importing Assets/WebGLTemplates/style.css using Guid(dfc5d37f8e8962747a7e603716522c5a) Importer(2089858483,0ecaa5967403d082aa24f35e1b516d23) [PhysX] Initialized MultithreadedTaskDispatcher with 4 workers.
 -> (artifact id: '7e3c93249eac60906f7b7c3a7a5e14a7') in 0.015334 seconds
Number of updated asset objects reloaded before import = 0
Number of asset objects unloaded after import = 1
========================================================================
Received Import Request.
  Time since last request: 0.000019 seconds.
  path: Assets/Script/EnemyHealthBar.cs
  artifactKey: Guid(12299597196bca948948dae21158a4a3) Importer(2089858483,0ecaa5967403d082aa24f35e1b516d23)
Start importing Assets/Script/EnemyHealthBar.cs using Guid(12299597196bca948948dae21158a4a3) Importer(2089858483,0ecaa5967403d082aa24f35e1b516d23) [PhysX] Initialized MultithreadedTaskDispatcher with 4 workers.
 -> (artifact id: '879d2e78f75f64329f9da4590266dc01') in 0.014471 seconds
Number of updated asset objects reloaded before import = 0
Number of asset objects unloaded after import = 1
========================================================================
Received Import Request.
  Time since last request: 0.000024 seconds.
  path: Assets/Little_GhostLP(FREE)/Material/Ghost Kid/Ghost Kid Skin01.mat
  artifactKey: Guid(3200bcc81d4868f49bd0afca6f50701f) Importer(2089858483,0ecaa5967403d082aa24f35e1b516d23)
Start importing Assets/Little_GhostLP(FREE)/Material/Ghost Kid/Ghost Kid Skin01.mat using Guid(3200bcc81d4868f49bd0afca6f50701f) Importer(2089858483,0ecaa5967403d082aa24f35e1b516d23) [PhysX] Initialized MultithreadedTaskDispatcher with 4 workers.
 -> (artifact id: 'b2c3b273e229c6219b27c6725808dd52') in 0.033146 seconds
Number of updated asset objects reloaded before import = 0
Number of asset objects unloaded after import = 2
========================================================================
Received Import Request.
  Time since last request: 0.000055 seconds.
  path: Assets/Polytope Studio/Lowpoly_Demos/Environment_Free/Helpers/MouseLook.cs
  artifactKey: Guid(51763bafdae3792488a76927e0169d7a) Importer(2089858483,0ecaa5967403d082aa24f35e1b516d23)
Start importing Assets/Polytope Studio/Lowpoly_Demos/Environment_Free/Helpers/MouseLook.cs using Guid(51763bafdae3792488a76927e0169d7a) Importer(2089858483,0ecaa5967403d082aa24f35e1b516d23) [PhysX] Initialized MultithreadedTaskDispatcher with 4 workers.
 -> (artifact id: '79f4d28767b1c9caef34b985c98c0224') in 0.016206 seconds
Number of updated asset objects reloaded before import = 0
Number of asset objects unloaded after import = 1
========================================================================
Received Import Request.
  Time since last request: 0.000023 seconds.
  path: Assets/Polytope Studio/Lowpoly_Environments/SRP/PT_Nature_Free_URP_14.0.9.unitypackage
  artifactKey: Guid(bd960d1781917284bb89077cf66b65fe) Importer(2089858483,0ecaa5967403d082aa24f35e1b516d23)
Start importing Assets/Polytope Studio/Lowpoly_Environments/SRP/PT_Nature_Free_URP_14.0.9.unitypackage using Guid(bd960d1781917284bb89077cf66b65fe) Importer(2089858483,0ecaa5967403d082aa24f35e1b516d23) [PhysX] Initialized MultithreadedTaskDispatcher with 4 workers.
 -> (artifact id: 'c485f678942654ad576a3524b7236d23') in 0.013960 seconds
Number of updated asset objects reloaded before import = 0
Number of asset objects unloaded after import = 1
========================================================================
Received Import Request.
  Time since last request: 0.000018 seconds.
  path: Assets/WebGLTemplates/htmlControl.js
  artifactKey: Guid(9fdfe39803217654f9ed3747ae74fa32) Importer(2089858483,0ecaa5967403d082aa24f35e1b516d23)
Start importing Assets/WebGLTemplates/htmlControl.js using Guid(9fdfe39803217654f9ed3747ae74fa32) Importer(2089858483,0ecaa5967403d082aa24f35e1b516d23) [PhysX] Initialized MultithreadedTaskDispatcher with 4 workers.
 -> (artifact id: '3449d8f194c2c33122337c92d3ceb545') in 0.015416 seconds
Number of updated asset objects reloaded before import = 0
Number of asset objects unloaded after import = 1
========================================================================
Received Import Request.
  Time since last request: 0.000018 seconds.
  path: Assets/Little_GhostLP(FREE)/Prefabs/LittleGhost_LP (4).prefab
  artifactKey: Guid(855c90c429434444fbe3ca2b5507ab04) Importer(2089858483,0ecaa5967403d082aa24f35e1b516d23)
Start importing Assets/Little_GhostLP(FREE)/Prefabs/LittleGhost_LP (4).prefab using Guid(855c90c429434444fbe3ca2b5507ab04) Importer(2089858483,0ecaa5967403d082aa24f35e1b516d23) [PhysX] Initialized MultithreadedTaskDispatcher with 4 workers.
 -> (artifact id: '58a5eb9f28d21824b6d8eb1bd1d413a4') in 0.051652 seconds
Number of updated asset objects reloaded before import = 0
Number of asset objects unloaded after import = 53
========================================================================
Received Import Request.
  Time since last request: 0.000025 seconds.
  path: Assets/Scenes/FirstLevel.unity
  artifactKey: Guid(efb08bd70213b614098004e2e835e414) Importer(2089858483,0ecaa5967403d082aa24f35e1b516d23)
Start importing Assets/Scenes/FirstLevel.unity using Guid(efb08bd70213b614098004e2e835e414) Importer(2089858483,0ecaa5967403d082aa24f35e1b516d23) [PhysX] Initialized MultithreadedTaskDispatcher with 4 workers.
 -> (artifact id: '62095b179b0bc98d614b81a07933d2ca') in 0.011845 seconds
Number of updated asset objects reloaded before import = 0
Number of asset objects unloaded after import = 1
========================================================================
Received Import Request.
  Time since last request: 0.000019 seconds.
  path: Assets/Polytope Studio/Lowpoly_Environments/Prefabs/Plants/PT_Grass_02.prefab
  artifactKey: Guid(6cdd667aa0034cd4dadc8d58a65fb098) Importer(2089858483,0ecaa5967403d082aa24f35e1b516d23)
Start importing Assets/Polytope Studio/Lowpoly_Environments/Prefabs/Plants/PT_Grass_02.prefab using Guid(6cdd667aa0034cd4dadc8d58a65fb098) Importer(2089858483,0ecaa5967403d082aa24f35e1b516d23) [PhysX] Initialized MultithreadedTaskDispatcher with 4 workers.
 -> (artifact id: 'a84043d48041258acde2e8a00e427a0d') in 0.026652 seconds
Number of updated asset objects reloaded before import = 0
Number of asset objects unloaded after import = 20
========================================================================
Received Import Request.
  Time since last request: 0.000023 seconds.
  path: Assets/Polytope Studio/Lowpoly_Demos/Environment_Free/Helpers/Plane mat.mat
  artifactKey: Guid(4c216a70af6ef22419431af877580ddb) Importer(2089858483,0ecaa5967403d082aa24f35e1b516d23)
Start importing Assets/Polytope Studio/Lowpoly_Demos/Environment_Free/Helpers/Plane mat.mat using Guid(4c216a70af6ef22419431af877580ddb) Importer(2089858483,0ecaa5967403d082aa24f35e1b516d23) [PhysX] Initialized MultithreadedTaskDispatcher with 4 workers.
 -> (artifact id: '011c75a4251eafee2e1a8dfa2c3d5fd7') in 0.031284 seconds
Number of updated asset objects reloaded before import = 0
Number of asset objects unloaded after import = 1
========================================================================
Received Import Request.
  Time since last request: 0.000022 seconds.
  path: Assets/Little_GhostLP(FREE)/Material/Ghost Kid/Ghost Kid Skin01 1.mat
  artifactKey: Guid(49a38f9c1c9b95a4fb4b6b08e7c88ef8) Importer(2089858483,0ecaa5967403d082aa24f35e1b516d23)
Start importing Assets/Little_GhostLP(FREE)/Material/Ghost Kid/Ghost Kid Skin01 1.mat using Guid(49a38f9c1c9b95a4fb4b6b08e7c88ef8) Importer(2089858483,0ecaa5967403d082aa24f35e1b516d23) [PhysX] Initialized MultithreadedTaskDispatcher with 4 workers.
 -> (artifact id: 'ba7cef2c789676f930bcb52ded41ecf8') in 0.043900 seconds
Number of updated asset objects reloaded before import = 0
Number of asset objects unloaded after import = 2
========================================================================
Received Import Request.
  Time since last request: 0.000028 seconds.
  path: Assets/Data/playerProgress.json
  artifactKey: Guid(0eed8e308e68d0b4aa65f1db8855cb61) Importer(2089858483,0ecaa5967403d082aa24f35e1b516d23)
Start importing Assets/Data/playerProgress.json using Guid(0eed8e308e68d0b4aa65f1db8855cb61) Importer(2089858483,0ecaa5967403d082aa24f35e1b516d23) [PhysX] Initialized MultithreadedTaskDispatcher with 4 workers.
 -> (artifact id: '47e68bb725eee7294971e3d9796434b5') in 0.030057 seconds
Number of updated asset objects reloaded before import = 0
Number of asset objects unloaded after import = 1
========================================================================
Received Import Request.
  Time since last request: 0.000031 seconds.
  path: Assets/Script/PlayerProgressManager.cs
  artifactKey: Guid(726f3c6fa63aa39479f44fb8292dd113) Importer(2089858483,0ecaa5967403d082aa24f35e1b516d23)
Start importing Assets/Script/PlayerProgressManager.cs using Guid(726f3c6fa63aa39479f44fb8292dd113) Importer(2089858483,0ecaa5967403d082aa24f35e1b516d23) [PhysX] Initialized MultithreadedTaskDispatcher with 4 workers.
 -> (artifact id: '193caf777318610932d37bcca2ce2847') in 0.018139 seconds
Number of updated asset objects reloaded before import = 0
Number of asset objects unloaded after import = 1
========================================================================
Received Import Request.
  Time since last request: 0.000026 seconds.
  path: Assets/Polytope Studio/Lowpoly_Demos/Environment_Free/Helpers/PT_texture_W_Alpha.tga
  artifactKey: Guid(2ecc9db50bbb86541a9808dc9d75eb02) Importer(2089858483,0ecaa5967403d082aa24f35e1b516d23)
Start importing Assets/Polytope Studio/Lowpoly_Demos/Environment_Free/Helpers/PT_texture_W_Alpha.tga using Guid(2ecc9db50bbb86541a9808dc9d75eb02) Importer(2089858483,0ecaa5967403d082aa24f35e1b516d23) [PhysX] Initialized MultithreadedTaskDispatcher with 4 workers.
 -> (artifact id: '8f63bebde6303019d1b7bddc7d79de98') in 0.095542 seconds
Number of updated asset objects reloaded before import = 0
Number of asset objects unloaded after import = 1
========================================================================
Received Import Request.
  Time since last request: 0.000024 seconds.
  path: Assets/Polytope Studio/Lowpoly_Demos/Environment_Free/Helpers/PT_Medieval_Village_Fence_04 1.prefab
  artifactKey: Guid(492c45c35521e7b4286ae374b96aedde) Importer(2089858483,0ecaa5967403d082aa24f35e1b516d23)
Start importing Assets/Polytope Studio/Lowpoly_Demos/Environment_Free/Helpers/PT_Medieval_Village_Fence_04 1.prefab using Guid(492c45c35521e7b4286ae374b96aedde) Importer(2089858483,0ecaa5967403d082aa24f35e1b516d23) [PhysX] Initialized MultithreadedTaskDispatcher with 4 workers.
 -> (artifact id: 'c449e00a970f8af15f0ba1e6d24a1e10') in 0.038281 seconds
Number of updated asset objects reloaded before import = 0
Number of asset objects unloaded after import = 7
========================================================================
Received Import Request.
  Time since last request: 0.000021 seconds.
  path: Assets/Little_GhostLP(FREE)/Prefabs/LittleGhost_LP (1).prefab
  artifactKey: Guid(f6ab88624626d1249bd73bcb4a1c7d59) Importer(2089858483,0ecaa5967403d082aa24f35e1b516d23)
Start importing Assets/Little_GhostLP(FREE)/Prefabs/LittleGhost_LP (1).prefab using Guid(f6ab88624626d1249bd73bcb4a1c7d59) Importer(2089858483,0ecaa5967403d082aa24f35e1b516d23) [PhysX] Initialized MultithreadedTaskDispatcher with 4 workers.
 -> (artifact id: '5bba1e5b3cb3876c4a2b9c804217b420') in 0.026827 seconds
Number of updated asset objects reloaded before import = 0
Number of asset objects unloaded after import = 53
========================================================================
Received Import Request.
  Time since last request: 0.000019 seconds.
  path: Assets/Script/TowerDataCollection.cs
  artifactKey: Guid(accf35047d300334f8ddcf820a777224) Importer(2089858483,0ecaa5967403d082aa24f35e1b516d23)
Start importing Assets/Script/TowerDataCollection.cs using Guid(accf35047d300334f8ddcf820a777224) Importer(2089858483,0ecaa5967403d082aa24f35e1b516d23) [PhysX] Initialized MultithreadedTaskDispatcher with 4 workers.
 -> (artifact id: 'd02dee56cc877822df0a4e4861822861') in 0.012670 seconds
Number of updated asset objects reloaded before import = 0
Number of asset objects unloaded after import = 1
========================================================================
Received Import Request.
  Time since last request: 0.000180 seconds.
  path: Assets/WebGLTemplates/MyTemplate.html
  artifactKey: Guid(b9378fac46569bb4ebb22e09c6530c2d) Importer(2089858483,0ecaa5967403d082aa24f35e1b516d23)
Start importing Assets/WebGLTemplates/MyTemplate.html using Guid(b9378fac46569bb4ebb22e09c6530c2d) Importer(2089858483,0ecaa5967403d082aa24f35e1b516d23) [PhysX] Initialized MultithreadedTaskDispatcher with 4 workers.
 -> (artifact id: '2d26541bf8b06f9a559872dc7d8f35c3') in 0.010370 seconds
Number of updated asset objects reloaded before import = 0
Number of asset objects unloaded after import = 1
========================================================================
Received Import Request.
  Time since last request: 0.000018 seconds.
  path: Assets/Polytope Studio/Lowpoly_Environments/Prefabs/Trees/PT_Fruit_Tree_01_apples.prefab
  artifactKey: Guid(e05ae677c7b3bc546bd36b488586fb0c) Importer(2089858483,0ecaa5967403d082aa24f35e1b516d23)
Start importing Assets/Polytope Studio/Lowpoly_Environments/Prefabs/Trees/PT_Fruit_Tree_01_apples.prefab using Guid(e05ae677c7b3bc546bd36b488586fb0c) Importer(2089858483,0ecaa5967403d082aa24f35e1b516d23) [PhysX] Initialized MultithreadedTaskDispatcher with 4 workers.
 -> (artifact id: '6d23cd0a06ce9f8084ab5f26f3e7a604') in 0.029033 seconds
Number of updated asset objects reloaded before import = 0
Number of asset objects unloaded after import = 20
========================================================================
Received Import Request.
  Time since last request: 0.000022 seconds.
  path: Assets/Polytope Studio/Lowpoly_Demos/Environment_Free/Helpers/PT_Medieval_Village_Fence_05 1.fbx
  artifactKey: Guid(b0a55ec4196e89646866778d4a9990bd) Importer(2089858483,0ecaa5967403d082aa24f35e1b516d23)
Start importing Assets/Polytope Studio/Lowpoly_Demos/Environment_Free/Helpers/PT_Medieval_Village_Fence_05 1.fbx using Guid(b0a55ec4196e89646866778d4a9990bd) Importer(2089858483,0ecaa5967403d082aa24f35e1b516d23) [PhysX] Initialized MultithreadedTaskDispatcher with 4 workers.
 -> (artifact id: '936cca09878c3efe4501a4fb66b37b4c') in 0.029915 seconds
Number of updated asset objects reloaded before import = 0
Number of asset objects unloaded after import = 8
========================================================================
Received Import Request.
  Time since last request: 0.000029 seconds.
  path: Assets/Script/Player.cs
  artifactKey: Guid(bf2158cfe7e5b2f4eaa40685bd4a75ff) Importer(2089858483,0ecaa5967403d082aa24f35e1b516d23)
Start importing Assets/Script/Player.cs using Guid(bf2158cfe7e5b2f4eaa40685bd4a75ff) Importer(2089858483,0ecaa5967403d082aa24f35e1b516d23) [PhysX] Initialized MultithreadedTaskDispatcher with 4 workers.
 -> (artifact id: '2e1e589437241c29f8886c3373cdc094') in 0.067536 seconds
Number of updated asset objects reloaded before import = 0
Number of asset objects unloaded after import = 1
========================================================================
Received Import Request.
  Time since last request: 0.000022 seconds.
  path: Assets/Little_GhostLP(FREE)/Texture/Hat/Witch Hat 3.png
  artifactKey: Guid(fc5da31fdde959845a74203a4cea9e1d) Importer(2089858483,0ecaa5967403d082aa24f35e1b516d23)
Start importing Assets/Little_GhostLP(FREE)/Texture/Hat/Witch Hat 3.png using Guid(fc5da31fdde959845a74203a4cea9e1d) Importer(2089858483,0ecaa5967403d082aa24f35e1b516d23) [PhysX] Initialized MultithreadedTaskDispatcher with 4 workers.
 -> (artifact id: '3c6e2a602b1fd4731a6c0f71aae529a0') in 0.025161 seconds
Number of updated asset objects reloaded before import = 0
Number of asset objects unloaded after import = 1
========================================================================
Received Import Request.
  Time since last request: 0.000026 seconds.
  path: Assets/Scenes/MainMenu.unity
  artifactKey: Guid(61efd4de32d019c42a0ad698c19f7347) Importer(2089858483,0ecaa5967403d082aa24f35e1b516d23)
Start importing Assets/Scenes/MainMenu.unity using Guid(61efd4de32d019c42a0ad698c19f7347) Importer(2089858483,0ecaa5967403d082aa24f35e1b516d23) [PhysX] Initialized MultithreadedTaskDispatcher with 4 workers.
 -> (artifact id: 'cd770e78800ae0fdeb9e2635604531a7') in 0.010983 seconds
Number of updated asset objects reloaded before import = 0
Number of asset objects unloaded after import = 1
========================================================================
Received Import Request.
  Time since last request: 0.000030 seconds.
  path: Assets/Polytope Studio/Lowpoly_Environments/Prefabs/Trees/PT_Fruit_Tree_01_green.prefab
  artifactKey: Guid(c31bf8ec8e29cd74f9fb9a970fde7a53) Importer(2089858483,0ecaa5967403d082aa24f35e1b516d23)
Start importing Assets/Polytope Studio/Lowpoly_Environments/Prefabs/Trees/PT_Fruit_Tree_01_green.prefab using Guid(c31bf8ec8e29cd74f9fb9a970fde7a53) Importer(2089858483,0ecaa5967403d082aa24f35e1b516d23) [PhysX] Initialized MultithreadedTaskDispatcher with 4 workers.
 -> (artifact id: '830e7adcb09ccd47a0fb40c9c3a1195f') in 0.035354 seconds
Number of updated asset objects reloaded before import = 0
Number of asset objects unloaded after import = 20
========================================================================
Received Import Request.
  Time since last request: 0.000024 seconds.
  path: Assets/Polytope Studio/Lowpoly_Environments/Prefabs/Trees/PT_Fruit_Tree_01_pears.prefab
  artifactKey: Guid(b62637568d07eb141b948ab45ea8c3d4) Importer(2089858483,0ecaa5967403d082aa24f35e1b516d23)
Start importing Assets/Polytope Studio/Lowpoly_Environments/Prefabs/Trees/PT_Fruit_Tree_01_pears.prefab using Guid(b62637568d07eb141b948ab45ea8c3d4) Importer(2089858483,0ecaa5967403d082aa24f35e1b516d23) [PhysX] Initialized MultithreadedTaskDispatcher with 4 workers.
 -> (artifact id: '332f787ea241043e282a6b62219d5fb7') in 0.037486 seconds
Number of updated asset objects reloaded before import = 0
Number of asset objects unloaded after import = 20
========================================================================
Received Import Request.
  Time since last request: 0.000038 seconds.
  path: Assets/Polytope Studio/Lowpoly_Environments/Prefabs/Trees/PT_Pine_Tree_03_dead_cut.prefab
  artifactKey: Guid(53e1939cdeda3f04caaa240bfd830e5e) Importer(2089858483,0ecaa5967403d082aa24f35e1b516d23)
Start importing Assets/Polytope Studio/Lowpoly_Environments/Prefabs/Trees/PT_Pine_Tree_03_dead_cut.prefab using Guid(53e1939cdeda3f04caaa240bfd830e5e) Importer(2089858483,0ecaa5967403d082aa24f35e1b516d23) [PhysX] Initialized MultithreadedTaskDispatcher with 4 workers.
 -> (artifact id: 'd50ebf9b891311e1721b7b597f196ae4') in 0.038085 seconds
Number of updated asset objects reloaded before import = 0
Number of asset objects unloaded after import = 7
========================================================================
Received Import Request.
  Time since last request: 0.000029 seconds.
  path: Assets/Polytope Studio/Lowpoly_Environments/Sources/Materials/PT_Skybox_mat.mat
  artifactKey: Guid(59573b088aaea0442bf29e0a0e9d1339) Importer(2089858483,0ecaa5967403d082aa24f35e1b516d23)
Start importing Assets/Polytope Studio/Lowpoly_Environments/Sources/Materials/PT_Skybox_mat.mat using Guid(59573b088aaea0442bf29e0a0e9d1339) Importer(2089858483,0ecaa5967403d082aa24f35e1b516d23) [PhysX] Initialized MultithreadedTaskDispatcher with 4 workers.
 -> (artifact id: 'c83dafa5611203371f67d0346347e1d8') in 0.101636 seconds
Number of updated asset objects reloaded before import = 0
Number of asset objects unloaded after import = 2
========================================================================
Received Import Request.
  Time since last request: 0.000032 seconds.
  path: Assets/Polytope Studio/Lowpoly_Environments/Sources/Materials/PT_Generic_Tree_Leaves_mat.mat
  artifactKey: Guid(066ded06e6a8eb240893ea7b8efb66b4) Importer(2089858483,0ecaa5967403d082aa24f35e1b516d23)
Start importing Assets/Polytope Studio/Lowpoly_Environments/Sources/Materials/PT_Generic_Tree_Leaves_mat.mat using Guid(066ded06e6a8eb240893ea7b8efb66b4) Importer(2089858483,0ecaa5967403d082aa24f35e1b516d23) [PhysX] Initialized MultithreadedTaskDispatcher with 4 workers.
 -> (artifact id: '738c9172cc8aee101853a77a7961cbf1') in 0.048948 seconds
Number of updated asset objects reloaded before import = 0
Number of asset objects unloaded after import = 2
========================================================================
Received Import Request.
  Time since last request: 0.000023 seconds.
  path: Assets/Polytope Studio/Lowpoly_Environments/Prefabs/Trees/PT_Fruit_Tree_01_stump.prefab
  artifactKey: Guid(fb070a2d31206d9499ecc8a77be0ebf0) Importer(2089858483,0ecaa5967403d082aa24f35e1b516d23)
Start importing Assets/Polytope Studio/Lowpoly_Environments/Prefabs/Trees/PT_Fruit_Tree_01_stump.prefab using Guid(fb070a2d31206d9499ecc8a77be0ebf0) Importer(2089858483,0ecaa5967403d082aa24f35e1b516d23) [PhysX] Initialized MultithreadedTaskDispatcher with 4 workers.
 -> (artifact id: 'fa316786643919e8dc31017c898f88f9') in 0.038922 seconds
Number of updated asset objects reloaded before import = 0
Number of asset objects unloaded after import = 7
========================================================================
Received Import Request.
  Time since last request: 0.000019 seconds.
  path: Assets/Polytope Studio/Lowpoly_Environments/Sources/Materials/PT_Poppy_mat.mat
  artifactKey: Guid(67c85a5a0248e2a4a98e653c8e7eeb9e) Importer(2089858483,0ecaa5967403d082aa24f35e1b516d23)
Start importing Assets/Polytope Studio/Lowpoly_Environments/Sources/Materials/PT_Poppy_mat.mat using Guid(67c85a5a0248e2a4a98e653c8e7eeb9e) Importer(2089858483,0ecaa5967403d082aa24f35e1b516d23) [PhysX] Initialized MultithreadedTaskDispatcher with 4 workers.
 -> (artifact id: 'b3afb54c64b893f6c408b8b38b91efea') in 0.036453 seconds
Number of updated asset objects reloaded before import = 0
Number of asset objects unloaded after import = 2
========================================================================
Received Import Request.
  Time since last request: 0.000019 seconds.
  path: Assets/Polytope Studio/Lowpoly_Environments/Prefabs/Trees/PT_Fruit_Tree_01_green_cut.prefab
  artifactKey: Guid(c0fdfdeafe3a1404a8766f946dd531d0) Importer(2089858483,0ecaa5967403d082aa24f35e1b516d23)
Start importing Assets/Polytope Studio/Lowpoly_Environments/Prefabs/Trees/PT_Fruit_Tree_01_green_cut.prefab using Guid(c0fdfdeafe3a1404a8766f946dd531d0) Importer(2089858483,0ecaa5967403d082aa24f35e1b516d23) [PhysX] Initialized MultithreadedTaskDispatcher with 4 workers.
 -> (artifact id: '346995fcbef3045f5254c7ec8d3c2f1d') in 0.035762 seconds
Number of updated asset objects reloaded before import = 0
Number of asset objects unloaded after import = 7
========================================================================
Received Import Request.
  Time since last request: 0.000020 seconds.
  path: Assets/Polytope Studio/Lowpoly_Environments/Sources/Materials/PT_Fruit_Tree_Opaque_mat.mat
  artifactKey: Guid(3922c043c1c52cb47a7b1bfed562a4b6) Importer(2089858483,0ecaa5967403d082aa24f35e1b516d23)
Start importing Assets/Polytope Studio/Lowpoly_Environments/Sources/Materials/PT_Fruit_Tree_Opaque_mat.mat using Guid(3922c043c1c52cb47a7b1bfed562a4b6) Importer(2089858483,0ecaa5967403d082aa24f35e1b516d23) [PhysX] Initialized MultithreadedTaskDispatcher with 4 workers.
 -> (artifact id: '2118dd154a7f74b9bfc5b7571ba8adc7') in 0.037831 seconds
Number of updated asset objects reloaded before import = 0
Number of asset objects unloaded after import = 2
========================================================================
Received Import Request.
  Time since last request: 0.000020 seconds.
  path: Assets/Polytope Studio/Lowpoly_Environments/Sources/Shaders/PT_Rock_Shader.shader
  artifactKey: Guid(cd18bd550ff6630468660d0150eed511) Importer(2089858483,0ecaa5967403d082aa24f35e1b516d23)
Start importing Assets/Polytope Studio/Lowpoly_Environments/Sources/Shaders/PT_Rock_Shader.shader using Guid(cd18bd550ff6630468660d0150eed511) Importer(2089858483,0ecaa5967403d082aa24f35e1b516d23) [PhysX] Initialized MultithreadedTaskDispatcher with 4 workers.
 -> (artifact id: '9b285a26f1ab8626a0490363b987941f') in 0.066029 seconds
Number of updated asset objects reloaded before import = 0
Number of asset objects unloaded after import = 1
========================================================================
Received Import Request.
  Time since last request: 0.000191 seconds.
  path: Assets/Polytope Studio/Lowpoly_Environments/Sources/Materials/PT_Generic_Leaf_mat.mat
  artifactKey: Guid(aac20e0005fef5248bc0774a19a05e87) Importer(2089858483,0ecaa5967403d082aa24f35e1b516d23)
Start importing Assets/Polytope Studio/Lowpoly_Environments/Sources/Materials/PT_Generic_Leaf_mat.mat using Guid(aac20e0005fef5248bc0774a19a05e87) Importer(2089858483,0ecaa5967403d082aa24f35e1b516d23) [PhysX] Initialized MultithreadedTaskDispatcher with 4 workers.
 -> (artifact id: 'a0147828a604814a6835152f7253d84b') in 0.042988 seconds
Number of updated asset objects reloaded before import = 0
Number of asset objects unloaded after import = 1
========================================================================
Received Import Request.
  Time since last request: 0.000027 seconds.
  path: Assets/Polytope Studio/Lowpoly_Environments/Sources/Textures/PT_Fruit_Tree_Flowers_01.png
  artifactKey: Guid(724a83e90c1cd7b4b9d1b71dd08962b6) Importer(2089858483,0ecaa5967403d082aa24f35e1b516d23)
Start importing Assets/Polytope Studio/Lowpoly_Environments/Sources/Textures/PT_Fruit_Tree_Flowers_01.png using Guid(724a83e90c1cd7b4b9d1b71dd08962b6) Importer(2089858483,0ecaa5967403d082aa24f35e1b516d23) [PhysX] Initialized MultithreadedTaskDispatcher with 4 workers.
 -> (artifact id: 'c14972d862c78904b2f0e2125f0e87b9') in 0.029963 seconds
Number of updated asset objects reloaded before import = 0
Number of asset objects unloaded after import = 1
========================================================================
Received Import Request.
  Time since last request: 0.000019 seconds.
  path: Assets/Polytope Studio/Lowpoly_Environments/Sources/Textures/PT_Grass_01.png
  artifactKey: Guid(1b92b31acbcdce24ba9dc6d01dbc2e84) Importer(2089858483,0ecaa5967403d082aa24f35e1b516d23)
Start importing Assets/Polytope Studio/Lowpoly_Environments/Sources/Textures/PT_Grass_01.png using Guid(1b92b31acbcdce24ba9dc6d01dbc2e84) Importer(2089858483,0ecaa5967403d082aa24f35e1b516d23) [PhysX] Initialized MultithreadedTaskDispatcher with 4 workers.
 -> (artifact id: '773548f79ddc9322276b7e75aafe10bc') in 0.038381 seconds
Number of updated asset objects reloaded before import = 0
Number of asset objects unloaded after import = 1
========================================================================
Received Import Request.
  Time since last request: 0.000157 seconds.
  path: Assets/Polytope Studio/Lowpoly_Environments/Sources/Textures/PT_Generic_Leaves_01.png
  artifactKey: Guid(55a083d549e055045948e2083099df16) Importer(2089858483,0ecaa5967403d082aa24f35e1b516d23)
Start importing Assets/Polytope Studio/Lowpoly_Environments/Sources/Textures/PT_Generic_Leaves_01.png using Guid(55a083d549e055045948e2083099df16) Importer(2089858483,0ecaa5967403d082aa24f35e1b516d23) [PhysX] Initialized MultithreadedTaskDispatcher with 4 workers.
 -> (artifact id: '85aa48b1464393516bdb5a0de0110e13') in 0.042678 seconds
Number of updated asset objects reloaded before import = 0
Number of asset objects unloaded after import = 1
========================================================================
Received Import Request.
  Time since last request: 0.000023 seconds.
  path: Assets/Polytope Studio/Lowpoly_Environments/Sources/Shaders/PT_Vegetation_Flowers_Shader.shader
  artifactKey: Guid(69e2e8c890f00e04e945ccd10e764372) Importer(2089858483,0ecaa5967403d082aa24f35e1b516d23)
Start importing Assets/Polytope Studio/Lowpoly_Environments/Sources/Shaders/PT_Vegetation_Flowers_Shader.shader using Guid(69e2e8c890f00e04e945ccd10e764372) Importer(2089858483,0ecaa5967403d082aa24f35e1b516d23) [PhysX] Initialized MultithreadedTaskDispatcher with 4 workers.
 -> (artifact id: '5b7ec9b0dc0d6392285cd7c5952cae72') in 0.028833 seconds
Number of updated asset objects reloaded before import = 0
Number of asset objects unloaded after import = 1
========================================================================
Received Import Request.
  Time since last request: 0.000022 seconds.
  path: Assets/Polytope Studio/Lowpoly_Environments/Sources/Materials/PT_Mushrooms_mat.mat
  artifactKey: Guid(c522ec7c62be0c145bc320ad11705a67) Importer(2089858483,0ecaa5967403d082aa24f35e1b516d23)
Start importing Assets/Polytope Studio/Lowpoly_Environments/Sources/Materials/PT_Mushrooms_mat.mat using Guid(c522ec7c62be0c145bc320ad11705a67) Importer(2089858483,0ecaa5967403d082aa24f35e1b516d23) [PhysX] Initialized MultithreadedTaskDispatcher with 4 workers.
 -> (artifact id: '3582b853557a952743a8ac1ec40e07c2') in 0.033766 seconds
Number of updated asset objects reloaded before import = 0
Number of asset objects unloaded after import = 2
========================================================================
Received Import Request.
  Time since last request: 0.000023 seconds.
  path: Assets/Polytope Studio/Lowpoly_Demos/Environment_Free/Helpers/PT_Fruit_Tree_01_green (1).prefab
  artifactKey: Guid(059eecd3f9d8f5148b36874da77673eb) Importer(2089858483,0ecaa5967403d082aa24f35e1b516d23)
Start importing Assets/Polytope Studio/Lowpoly_Demos/Environment_Free/Helpers/PT_Fruit_Tree_01_green (1).prefab using Guid(059eecd3f9d8f5148b36874da77673eb) Importer(2089858483,0ecaa5967403d082aa24f35e1b516d23) [PhysX] Initialized MultithreadedTaskDispatcher with 4 workers.
 -> (artifact id: '6a1e2f3736bd2d27d53b468a6bf3e4f4') in 0.024043 seconds
Number of updated asset objects reloaded before import = 0
Number of asset objects unloaded after import = 20
========================================================================
Received Import Request.
  Time since last request: 0.000034 seconds.
  path: Assets/Polytope Studio/Lowpoly_Environments/Prefabs/Trees/PT_Pine_Tree_03_stump.prefab
  artifactKey: Guid(c8b350551fbedc84c8025d7d29f3a018) Importer(2089858483,0ecaa5967403d082aa24f35e1b516d23)
Start importing Assets/Polytope Studio/Lowpoly_Environments/Prefabs/Trees/PT_Pine_Tree_03_stump.prefab using Guid(c8b350551fbedc84c8025d7d29f3a018) Importer(2089858483,0ecaa5967403d082aa24f35e1b516d23) [PhysX] Initialized MultithreadedTaskDispatcher with 4 workers.
 -> (artifact id: '15dad28ec02c6bf163a7f9716666e0ef') in 0.039576 seconds
Number of updated asset objects reloaded before import = 0
Number of asset objects unloaded after import = 7
========================================================================
Received Import Request.
  Time since last request: 0.000019 seconds.
  path: Assets/Little_GhostLP(FREE)/Material/Hat/Hat 3.mat
  artifactKey: Guid(d3fbf1c5c572a3c4391666cade5cdf46) Importer(2089858483,0ecaa5967403d082aa24f35e1b516d23)
Start importing Assets/Little_GhostLP(FREE)/Material/Hat/Hat 3.mat using Guid(d3fbf1c5c572a3c4391666cade5cdf46) Importer(2089858483,0ecaa5967403d082aa24f35e1b516d23) [PhysX] Initialized MultithreadedTaskDispatcher with 4 workers.
 -> (artifact id: 'a6c87d8667c5428a2f5e58e69844d77d') in 0.028196 seconds
Number of updated asset objects reloaded before import = 0
Number of asset objects unloaded after import = 2
========================================================================
Received Import Request.
  Time since last request: 0.000020 seconds.
  path: Assets/Resources/Prefab/Enemy.prefab
  artifactKey: Guid(9472e57c6ee673a45a85e3d54fe6fa4e) Importer(2089858483,0ecaa5967403d082aa24f35e1b516d23)
Start importing Assets/Resources/Prefab/Enemy.prefab using Guid(9472e57c6ee673a45a85e3d54fe6fa4e) Importer(2089858483,0ecaa5967403d082aa24f35e1b516d23) [PhysX] Initialized MultithreadedTaskDispatcher with 4 workers.
 -> (artifact id: 'e991be3038bc644c1c8a59b90fcad210') in 0.012033 seconds
Number of updated asset objects reloaded before import = 0
Number of asset objects unloaded after import = 0
========================================================================
Received Import Request.
  Time since last request: 0.000027 seconds.
  path: Assets/Polytope Studio/Lowpoly_Environments/Prefabs/Rocks/PT_Ore_Rock_01.prefab
  artifactKey: Guid(3dd97330b2ebd884e9f796894e026064) Importer(2089858483,0ecaa5967403d082aa24f35e1b516d23)
Start importing Assets/Polytope Studio/Lowpoly_Environments/Prefabs/Rocks/PT_Ore_Rock_01.prefab using Guid(3dd97330b2ebd884e9f796894e026064) Importer(2089858483,0ecaa5967403d082aa24f35e1b516d23) [PhysX] Initialized MultithreadedTaskDispatcher with 4 workers.
 -> (artifact id: '5a18bed53dd7dce7b4ad452edba13297') in 0.041020 seconds
Number of updated asset objects reloaded before import = 0
Number of asset objects unloaded after import = 20
========================================================================
Received Import Request.
  Time since last request: 0.000042 seconds.
  path: Assets/Polytope Studio/Lowpoly_Environments/Sources/Materials/PT_Grass_Mat.mat
  artifactKey: Guid(09473d06882d1414b84b1fdb7a095516) Importer(2089858483,0ecaa5967403d082aa24f35e1b516d23)
Start importing Assets/Polytope Studio/Lowpoly_Environments/Sources/Materials/PT_Grass_Mat.mat using Guid(09473d06882d1414b84b1fdb7a095516) Importer(2089858483,0ecaa5967403d082aa24f35e1b516d23) [PhysX] Initialized MultithreadedTaskDispatcher with 4 workers.
 -> (artifact id: '7497c3346b481d0b72e754dad181f91e') in 0.087367 seconds
Number of updated asset objects reloaded before import = 0
Number of asset objects unloaded after import = 2
========================================================================
Received Import Request.
  Time since last request: 0.000028 seconds.
  path: Assets/Polytope Studio/Lowpoly_Environments/Prefabs/Shrubs/PT_Generic_Shrub_01_green.prefab
  artifactKey: Guid(ef8374d642969b14baa54045236c5fb0) Importer(2089858483,0ecaa5967403d082aa24f35e1b516d23)
Start importing Assets/Polytope Studio/Lowpoly_Environments/Prefabs/Shrubs/PT_Generic_Shrub_01_green.prefab using Guid(ef8374d642969b14baa54045236c5fb0) Importer(2089858483,0ecaa5967403d082aa24f35e1b516d23) [PhysX] Initialized MultithreadedTaskDispatcher with 4 workers.
 -> (artifact id: '5dfc950b4f17b78961de1b6efb29bcca') in 0.043284 seconds
Number of updated asset objects reloaded before import = 0
Number of asset objects unloaded after import = 20
========================================================================
Received Import Request.
  Time since last request: 0.000256 seconds.
  path: Assets/Little_GhostLP(FREE)/Prefabs/Others/Floor Rounded.prefab
  artifactKey: Guid(699ac7b377a817d41b66df22a2e8ad55) Importer(2089858483,0ecaa5967403d082aa24f35e1b516d23)
Start importing Assets/Little_GhostLP(FREE)/Prefabs/Others/Floor Rounded.prefab using Guid(699ac7b377a817d41b66df22a2e8ad55) Importer(2089858483,0ecaa5967403d082aa24f35e1b516d23) [PhysX] Initialized MultithreadedTaskDispatcher with 4 workers.
 -> (artifact id: '722b2e939dd4a751d5059d416f17bb78') in 0.050504 seconds
Number of updated asset objects reloaded before import = 0
Number of asset objects unloaded after import = 8
========================================================================
Received Import Request.
  Time since last request: 0.000018 seconds.
  path: Assets/Polytope Studio/Lowpoly_Environments/Sources/Textures/PT_Skybox_Texture_01.png
  artifactKey: Guid(d8b9a114dc91e7d4e9885d54ca9d957f) Importer(2089858483,0ecaa5967403d082aa24f35e1b516d23)
Start importing Assets/Polytope Studio/Lowpoly_Environments/Sources/Textures/PT_Skybox_Texture_01.png using Guid(d8b9a114dc91e7d4e9885d54ca9d957f) Importer(2089858483,0ecaa5967403d082aa24f35e1b516d23) [PhysX] Initialized MultithreadedTaskDispatcher with 4 workers.
 -> (artifact id: '0a2e922df44e4bfd1876c1f96dfada4e') in 0.045401 seconds
Number of updated asset objects reloaded before import = 0
Number of asset objects unloaded after import = 1
========================================================================
Received Import Request.
  Time since last request: 0.000088 seconds.
  path: Assets/Polytope Studio/Lowpoly_Environments/Sources/Textures/PT_Runes_02.png
  artifactKey: Guid(d329461fd2714384088c78ea5f4c2765) Importer(2089858483,0ecaa5967403d082aa24f35e1b516d23)
Start importing Assets/Polytope Studio/Lowpoly_Environments/Sources/Textures/PT_Runes_02.png using Guid(d329461fd2714384088c78ea5f4c2765) Importer(2089858483,0ecaa5967403d082aa24f35e1b516d23) [PhysX] Initialized MultithreadedTaskDispatcher with 4 workers.
 -> (artifact id: '2359d39a44729d7acd76ad5ca87137f1') in 0.032618 seconds
Number of updated asset objects reloaded before import = 0
Number of asset objects unloaded after import = 1
========================================================================
Received Import Request.
  Time since last request: 0.000022 seconds.
  path: Assets/Polytope Studio/Lowpoly_Environments/Sources/Textures/PT_Grass_High_01.png
  artifactKey: Guid(b458cb1c79cb9894196830046f2621fa) Importer(2089858483,0ecaa5967403d082aa24f35e1b516d23)
Start importing Assets/Polytope Studio/Lowpoly_Environments/Sources/Textures/PT_Grass_High_01.png using Guid(b458cb1c79cb9894196830046f2621fa) Importer(2089858483,0ecaa5967403d082aa24f35e1b516d23) [PhysX] Initialized MultithreadedTaskDispatcher with 4 workers.
 -> (artifact id: '6741b17c32f8de61668246b67698bd84') in 0.036412 seconds
Number of updated asset objects reloaded before import = 0
Number of asset objects unloaded after import = 1
========================================================================
Received Import Request.
  Time since last request: 0.000553 seconds.
  path: Assets/Polytope Studio/Lowpoly_Environments/Sources/Textures/PT_Poppy_01.png
  artifactKey: Guid(e0eab39b8993b684dbb9800cf1151d33) Importer(2089858483,0ecaa5967403d082aa24f35e1b516d23)
Start importing Assets/Polytope Studio/Lowpoly_Environments/Sources/Textures/PT_Poppy_01.png using Guid(e0eab39b8993b684dbb9800cf1151d33) Importer(2089858483,0ecaa5967403d082aa24f35e1b516d23) [PhysX] Initialized MultithreadedTaskDispatcher with 4 workers.
 -> (artifact id: '288def71ea58660699cb25b1ab085cca') in 0.025369 seconds
Number of updated asset objects reloaded before import = 0
Number of asset objects unloaded after import = 1
========================================================================
Received Import Request.
  Time since last request: 0.000029 seconds.
  path: Assets/Polytope Studio/Lowpoly_Environments/Sources/Textures/PT_Grass_03.png
  artifactKey: Guid(44ec7a3e14f0b854d8926cad83222db5) Importer(2089858483,0ecaa5967403d082aa24f35e1b516d23)
Start importing Assets/Polytope Studio/Lowpoly_Environments/Sources/Textures/PT_Grass_03.png using Guid(44ec7a3e14f0b854d8926cad83222db5) Importer(2089858483,0ecaa5967403d082aa24f35e1b516d23) [PhysX] Initialized MultithreadedTaskDispatcher with 4 workers.
 -> (artifact id: 'a8a54c120ecd29b5c71bcf4883b4b1b8') in 0.033579 seconds
Number of updated asset objects reloaded before import = 0
Number of asset objects unloaded after import = 1
========================================================================
Received Import Request.
  Time since last request: 0.000023 seconds.
  path: Assets/Polytope Studio/Lowpoly_Environments/Sources/Textures/PT_Ground_Grass_Green_01.png
  artifactKey: Guid(8c75ba30e5f76df4fb30725e4c9bf38a) Importer(2089858483,0ecaa5967403d082aa24f35e1b516d23)
Start importing Assets/Polytope Studio/Lowpoly_Environments/Sources/Textures/PT_Ground_Grass_Green_01.png using Guid(8c75ba30e5f76df4fb30725e4c9bf38a) Importer(2089858483,0ecaa5967403d082aa24f35e1b516d23) [PhysX] Initialized MultithreadedTaskDispatcher with 4 workers.
 -> (artifact id: '6781172c44340f06db4f2c36b5dc9803') in 0.036665 seconds
Number of updated asset objects reloaded before import = 0
Number of asset objects unloaded after import = 1
========================================================================
Received Import Request.
  Time since last request: 0.000086 seconds.
  path: Assets/Polytope Studio/Lowpoly_Demos/Environment_Free/Helpers/PT_Medieval_Village_Fence_05 1.prefab
  artifactKey: Guid(cdaf37159c693ea4e97ab2ee5f12d958) Importer(2089858483,0ecaa5967403d082aa24f35e1b516d23)
Start importing Assets/Polytope Studio/Lowpoly_Demos/Environment_Free/Helpers/PT_Medieval_Village_Fence_05 1.prefab using Guid(cdaf37159c693ea4e97ab2ee5f12d958) Importer(2089858483,0ecaa5967403d082aa24f35e1b516d23) [PhysX] Initialized MultithreadedTaskDispatcher with 4 workers.
 -> (artifact id: '016e18ef1f9fb88a31448b0d06f89e5b') in 0.026912 seconds
Number of updated asset objects reloaded before import = 0
Number of asset objects unloaded after import = 7
========================================================================
Received Import Request.
  Time since last request: 0.000019 seconds.
  path: Assets/Resources/Prefab/Lvl1.prefab
  artifactKey: Guid(1d9083eed64256e48a4d1b9411d6ecc0) Importer(2089858483,0ecaa5967403d082aa24f35e1b516d23)
Start importing Assets/Resources/Prefab/Lvl1.prefab using Guid(1d9083eed64256e48a4d1b9411d6ecc0) Importer(2089858483,0ecaa5967403d082aa24f35e1b516d23) [PhysX] Initialized MultithreadedTaskDispatcher with 4 workers.
 -> (artifact id: '90a7510814802b798e34e335dbe90dbc') in 0.030857 seconds
Number of updated asset objects reloaded before import = 0
Number of asset objects unloaded after import = 18
========================================================================
Received Import Request.
  Time since last request: 0.000020 seconds.
  path: Assets/Polytope Studio/Lowpoly_Environments/Prefabs/Trees/PT_Pine_Tree_03_green_cut.prefab
  artifactKey: Guid(1caa73a6296593c46bb83d678ff6609b) Importer(2089858483,0ecaa5967403d082aa24f35e1b516d23)
Start importing Assets/Polytope Studio/Lowpoly_Environments/Prefabs/Trees/PT_Pine_Tree_03_green_cut.prefab using Guid(1caa73a6296593c46bb83d678ff6609b) Importer(2089858483,0ecaa5967403d082aa24f35e1b516d23) [PhysX] Initialized MultithreadedTaskDispatcher with 4 workers.
 -> (artifact id: 'c764af39201e5e5df4479f1d84d637f9') in 0.036867 seconds
Number of updated asset objects reloaded before import = 0
Number of asset objects unloaded after import = 7
========================================================================
Received Import Request.
  Time since last request: 0.000018 seconds.
  path: Assets/Material/New Material 3.mat
  artifactKey: Guid(d12263cebe513b240afe4854b5629474) Importer(2089858483,0ecaa5967403d082aa24f35e1b516d23)
Start importing Assets/Material/New Material 3.mat using Guid(d12263cebe513b240afe4854b5629474) Importer(2089858483,0ecaa5967403d082aa24f35e1b516d23) [PhysX] Initialized MultithreadedTaskDispatcher with 4 workers.
 -> (artifact id: '60194a0b5f548c121f653d0c809c5e6d') in 0.034079 seconds
Number of updated asset objects reloaded before import = 0
Number of asset objects unloaded after import = 1
========================================================================
Received Import Request.
  Time since last request: 0.000026 seconds.
  path: Assets/Little_GhostLP(FREE)/Animations/Ghost_Kid.controller
  artifactKey: Guid(20a010b4312475848bb77db3a6c4c729) Importer(2089858483,0ecaa5967403d082aa24f35e1b516d23)
Start importing Assets/Little_GhostLP(FREE)/Animations/Ghost_Kid.controller using Guid(20a010b4312475848bb77db3a6c4c729) Importer(2089858483,0ecaa5967403d082aa24f35e1b516d23) [PhysX] Initialized MultithreadedTaskDispatcher with 4 workers.
 -> (artifact id: 'b3b8d67e2c732812a89990802a1e5d96') in 0.036353 seconds
Number of updated asset objects reloaded before import = 0
Number of asset objects unloaded after import = 4
========================================================================
Received Import Request.
  Time since last request: 0.000026 seconds.
  path: Assets/Little_GhostLP(FREE)/Material/Devil/Devil Head 1.mat
  artifactKey: Guid(ae7a76d5b5195b94a8dbfb2e1a0cef92) Importer(2089858483,0ecaa5967403d082aa24f35e1b516d23)
Start importing Assets/Little_GhostLP(FREE)/Material/Devil/Devil Head 1.mat using Guid(ae7a76d5b5195b94a8dbfb2e1a0cef92) Importer(2089858483,0ecaa5967403d082aa24f35e1b516d23) [PhysX] Initialized MultithreadedTaskDispatcher with 4 workers.
 -> (artifact id: '2e84f1e571deb04c9182e81b711298f5') in 0.038340 seconds
Number of updated asset objects reloaded before import = 0
Number of asset objects unloaded after import = 1
========================================================================
Received Import Request.
  Time since last request: 0.000030 seconds.
  path: Assets/Scenes/JsMenu.unity
  artifactKey: Guid(e84e0b8161edbf54d929967c135bcbc2) Importer(2089858483,0ecaa5967403d082aa24f35e1b516d23)
Start importing Assets/Scenes/JsMenu.unity using Guid(e84e0b8161edbf54d929967c135bcbc2) Importer(2089858483,0ecaa5967403d082aa24f35e1b516d23) [PhysX] Initialized MultithreadedTaskDispatcher with 4 workers.
 -> (artifact id: '9372b8e086dd55c9223fd53a320c2d64') in 0.019189 seconds
Number of updated asset objects reloaded before import = 0
Number of asset objects unloaded after import = 1
========================================================================
Received Import Request.
  Time since last request: 0.000034 seconds.
  path: Assets/Little_GhostLP(FREE)/Material/Ghost Kid/Blue 2.mat
  artifactKey: Guid(77f4bbfb2a114074ba93cc6ecac503ef) Importer(2089858483,0ecaa5967403d082aa24f35e1b516d23)
Start importing Assets/Little_GhostLP(FREE)/Material/Ghost Kid/Blue 2.mat using Guid(77f4bbfb2a114074ba93cc6ecac503ef) Importer(2089858483,0ecaa5967403d082aa24f35e1b516d23) [PhysX] Initialized MultithreadedTaskDispatcher with 4 workers.
 -> (artifact id: '7815aa2dae987b2c15eabe2a968c6273') in 0.035475 seconds
Number of updated asset objects reloaded before import = 0
Number of asset objects unloaded after import = 2
========================================================================
Received Import Request.
  Time since last request: 0.000020 seconds.
  path: Assets/Polytope Studio/Lowpoly_Village/Sources/Textures/PT_texture.tga
  artifactKey: Guid(16357eda3fc18dd459a8218b92769643) Importer(2089858483,0ecaa5967403d082aa24f35e1b516d23)
Start importing Assets/Polytope Studio/Lowpoly_Village/Sources/Textures/PT_texture.tga using Guid(16357eda3fc18dd459a8218b92769643) Importer(2089858483,0ecaa5967403d082aa24f35e1b516d23) [PhysX] Initialized MultithreadedTaskDispatcher with 4 workers.
 -> (artifact id: 'bdea7f11d446b8c5f4ead715ac513218') in 0.031790 seconds
Number of updated asset objects reloaded before import = 0
Number of asset objects unloaded after import = 1
========================================================================
Received Import Request.
  Time since last request: 0.000019 seconds.
  path: Assets/Little_GhostLP(FREE)/Texture/Ghost Kid/New Skins/S3/Kid Ghost_blinn1_BaseColor.png
  artifactKey: Guid(90aceb81fc167d1479cab8dbc15fae44) Importer(2089858483,0ecaa5967403d082aa24f35e1b516d23)
Start importing Assets/Little_GhostLP(FREE)/Texture/Ghost Kid/New Skins/S3/Kid Ghost_blinn1_BaseColor.png using Guid(90aceb81fc167d1479cab8dbc15fae44) Importer(2089858483,0ecaa5967403d082aa24f35e1b516d23) [PhysX] Initialized MultithreadedTaskDispatcher with 4 workers.
 -> (artifact id: 'ed269ee271bee978c2fdd1f6340e1a2b') in 0.035370 seconds
Number of updated asset objects reloaded before import = 0
Number of asset objects unloaded after import = 1
========================================================================
Received Import Request.
  Time since last request: 0.000022 seconds.
  path: Assets/Polytope Studio/Lowpoly_Demos/Environment_Free/Helpers/Terrain/TerrainData_445999c2-5240-4b5c-9394-4cacb62d7eec.asset
  artifactKey: Guid(1587ce82db2499e4185b7701bf0d532b) Importer(2089858483,0ecaa5967403d082aa24f35e1b516d23)
Start importing Assets/Polytope Studio/Lowpoly_Demos/Environment_Free/Helpers/Terrain/TerrainData_445999c2-5240-4b5c-9394-4cacb62d7eec.asset using Guid(1587ce82db2499e4185b7701bf0d532b) Importer(2089858483,0ecaa5967403d082aa24f35e1b516d23) [PhysX] Initialized MultithreadedTaskDispatcher with 4 workers.
 -> (artifact id: '05b96a30879cfd4f33dfcc95a7494c99') in 0.084936 seconds
Number of updated asset objects reloaded before import = 0
Number of asset objects unloaded after import = 23
========================================================================
Received Import Request.
  Time since last request: 0.000021 seconds.
  path: Assets/Polytope Studio/Lowpoly_Village/Sources/Materials/PT_Buildings_mat.mat
  artifactKey: Guid(d55b08511377b684395dab1b9fba6a16) Importer(2089858483,0ecaa5967403d082aa24f35e1b516d23)
Start importing Assets/Polytope Studio/Lowpoly_Village/Sources/Materials/PT_Buildings_mat.mat using Guid(d55b08511377b684395dab1b9fba6a16) Importer(2089858483,0ecaa5967403d082aa24f35e1b516d23) [PhysX] Initialized MultithreadedTaskDispatcher with 4 workers.
 -> (artifact id: '394be1c1e697c72e6c0149c27fb1a66e') in 0.042668 seconds
Number of updated asset objects reloaded before import = 0
Number of asset objects unloaded after import = 3
========================================================================
Received Import Request.
  Time since last request: 0.000032 seconds.
  path: Assets/Polytope Studio/Lowpoly_Demos/Environment_Free/Helpers/Materials/PT_Medieval_mat.mat
  artifactKey: Guid(bb37e935cca327247aa85f512def0e6d) Importer(2089858483,0ecaa5967403d082aa24f35e1b516d23)
Start importing Assets/Polytope Studio/Lowpoly_Demos/Environment_Free/Helpers/Materials/PT_Medieval_mat.mat using Guid(bb37e935cca327247aa85f512def0e6d) Importer(2089858483,0ecaa5967403d082aa24f35e1b516d23) [PhysX] Initialized MultithreadedTaskDispatcher with 4 workers.
 -> (artifact id: 'cd9457f8d3884f4cb1b28f73c187f45f') in 0.024520 seconds
Number of updated asset objects reloaded before import = 0
Number of asset objects unloaded after import = 2
========================================================================
Received Import Request.
  Time since last request: 0.000030 seconds.
  path: Assets/Polytope Studio/Lowpoly_Environments/Sources/Materials/PT_Rocks_mat.mat
  artifactKey: Guid(93415edde47040648869ae6638d33ced) Importer(2089858483,0ecaa5967403d082aa24f35e1b516d23)
Start importing Assets/Polytope Studio/Lowpoly_Environments/Sources/Materials/PT_Rocks_mat.mat using Guid(93415edde47040648869ae6638d33ced) Importer(2089858483,0ecaa5967403d082aa24f35e1b516d23) [PhysX] Initialized MultithreadedTaskDispatcher with 4 workers.
 -> (artifact id: 'd4640cdfaeabf6f1bb9798d3bf720b2f') in 0.048877 seconds
Number of updated asset objects reloaded before import = 0
Number of asset objects unloaded after import = 3
========================================================================
Received Import Request.
  Time since last request: 0.000021 seconds.
  path: Assets/Polytope Studio/Lowpoly_Environments/Prefabs/Rocks/PT_Generic_Rock_01.prefab
  artifactKey: Guid(58cd8dc8c2359174baa15aa31e302c8b) Importer(2089858483,0ecaa5967403d082aa24f35e1b516d23)
Start importing Assets/Polytope Studio/Lowpoly_Environments/Prefabs/Rocks/PT_Generic_Rock_01.prefab using Guid(58cd8dc8c2359174baa15aa31e302c8b) Importer(2089858483,0ecaa5967403d082aa24f35e1b516d23) [PhysX] Initialized MultithreadedTaskDispatcher with 4 workers.
 -> (artifact id: 'cb0a2a43bf9db611de082232f1d59deb') in 0.030970 seconds
Number of updated asset objects reloaded before import = 0
Number of asset objects unloaded after import = 20
========================================================================
Received Import Request.
  Time since last request: 0.000021 seconds.
  path: Assets/Little_GhostLP(FREE)/Prefabs/LittleGhost_LP (7).prefab
  artifactKey: Guid(95aa05ec0ea0a884ab92946b57d2c7b4) Importer(2089858483,0ecaa5967403d082aa24f35e1b516d23)
Start importing Assets/Little_GhostLP(FREE)/Prefabs/LittleGhost_LP (7).prefab using Guid(95aa05ec0ea0a884ab92946b57d2c7b4) Importer(2089858483,0ecaa5967403d082aa24f35e1b516d23) [PhysX] Initialized MultithreadedTaskDispatcher with 4 workers.
 -> (artifact id: '65a0e207546ba4c069cfea059a50e252') in 0.029631 seconds
Number of updated asset objects reloaded before import = 0
Number of asset objects unloaded after import = 53
========================================================================
Received Import Request.
  Time since last request: 0.000214 seconds.
  path: Assets/Little_GhostLP(FREE)/Texture/Hat/Witch Hat 1.png
  artifactKey: Guid(d660644aab4ff2d45a55057a38d9f83a) Importer(2089858483,0ecaa5967403d082aa24f35e1b516d23)
Start importing Assets/Little_GhostLP(FREE)/Texture/Hat/Witch Hat 1.png using Guid(d660644aab4ff2d45a55057a38d9f83a) Importer(2089858483,0ecaa5967403d082aa24f35e1b516d23) [PhysX] Initialized MultithreadedTaskDispatcher with 4 workers.
 -> (artifact id: 'ceb406c078b2d9bff0c8007ade5a95c9') in 0.038893 seconds
Number of updated asset objects reloaded before import = 0
Number of asset objects unloaded after import = 1
========================================================================
Received Import Request.
  Time since last request: 0.000023 seconds.
  path: Assets/Script/TowerManager.cs
  artifactKey: Guid(f0d8fe3b73cc0e64b8a5b41515e0f46c) Importer(2089858483,0ecaa5967403d082aa24f35e1b516d23)
Start importing Assets/Script/TowerManager.cs using Guid(f0d8fe3b73cc0e64b8a5b41515e0f46c) Importer(2089858483,0ecaa5967403d082aa24f35e1b516d23) [PhysX] Initialized MultithreadedTaskDispatcher with 4 workers.
 -> (artifact id: '6b73642a6fdc6f5d91226295ce535b5a') in 0.014858 seconds
Number of updated asset objects reloaded before import = 0
Number of asset objects unloaded after import = 1
========================================================================
Received Import Request.
  Time since last request: 0.000021 seconds.
  path: Assets/Little_GhostLP(FREE)/Texture/Ghost Kid/Ghost Kid Normal.png
  artifactKey: Guid(94913b13d1da1934b8fd1a0de5b3b91b) Importer(2089858483,0ecaa5967403d082aa24f35e1b516d23)
Start importing Assets/Little_GhostLP(FREE)/Texture/Ghost Kid/Ghost Kid Normal.png using Guid(94913b13d1da1934b8fd1a0de5b3b91b) Importer(2089858483,0ecaa5967403d082aa24f35e1b516d23) [PhysX] Initialized MultithreadedTaskDispatcher with 4 workers.
 -> (artifact id: 'd9dbc63bd78a2aa006e46a6ce88a69f9') in 0.024844 seconds
Number of updated asset objects reloaded before import = 0
Number of asset objects unloaded after import = 1
========================================================================
Received Import Request.
  Time since last request: 0.000026 seconds.
  path: Assets/Little_GhostLP(FREE)/Material/Devil/Devil Head.mat
  artifactKey: Guid(400f166a104594d4b975b7fa4ab7b3ba) Importer(2089858483,0ecaa5967403d082aa24f35e1b516d23)
Start importing Assets/Little_GhostLP(FREE)/Material/Devil/Devil Head.mat using Guid(400f166a104594d4b975b7fa4ab7b3ba) Importer(2089858483,0ecaa5967403d082aa24f35e1b516d23) [PhysX] Initialized MultithreadedTaskDispatcher with 4 workers.
 -> (artifact id: '80cddbebc95e5ec2d081d496dcab5a6c') in 0.027130 seconds
Number of updated asset objects reloaded before import = 0
Number of asset objects unloaded after import = 1
========================================================================
Received Import Request.
  Time since last request: 0.000025 seconds.
  path: Assets/Polytope Studio/Lowpoly_Village/Sources/Materials/PT_mat.mat
  artifactKey: Guid(56532089e45dbc1479865e115cc8c637) Importer(2089858483,0ecaa5967403d082aa24f35e1b516d23)
Start importing Assets/Polytope Studio/Lowpoly_Village/Sources/Materials/PT_mat.mat using Guid(56532089e45dbc1479865e115cc8c637) Importer(2089858483,0ecaa5967403d082aa24f35e1b516d23) [PhysX] Initialized MultithreadedTaskDispatcher with 4 workers.
 -> (artifact id: '0b8ad8502b5958988a1d10351f241c85') in 0.099659 seconds
Number of updated asset objects reloaded before import = 0
Number of asset objects unloaded after import = 2
========================================================================
Received Import Request.
  Time since last request: 0.000027 seconds.
  path: Assets/Polytope Studio/Lowpoly_Demos/Environment_Free/Helpers/Terrain/TerrainData_832163fb-b19c-4118-97c2-cf0a3b224fca.asset
  artifactKey: Guid(b273ce15435a60644bcd2c174476a708) Importer(2089858483,0ecaa5967403d082aa24f35e1b516d23)
Start importing Assets/Polytope Studio/Lowpoly_Demos/Environment_Free/Helpers/Terrain/TerrainData_832163fb-b19c-4118-97c2-cf0a3b224fca.asset using Guid(b273ce15435a60644bcd2c174476a708) Importer(2089858483,0ecaa5967403d082aa24f35e1b516d23) [PhysX] Initialized MultithreadedTaskDispatcher with 4 workers.
 -> (artifact id: 'b3c484c5b6083e0ee40b99cf75e23672') in 0.039864 seconds
Number of updated asset objects reloaded before import = 0
Number of asset objects unloaded after import = 23
========================================================================
Received Import Request.
  Time since last request: 0.000021 seconds.
  path: Assets/Polytope Studio/Lowpoly_Demos/Environment_Free/Helpers/Terrain/TerrainData_d3c37e8d-6092-48f4-b81e-93b97326e4d2.asset
  artifactKey: Guid(dbe8ee5abb1344a4e8a8b80348f13db8) Importer(2089858483,0ecaa5967403d082aa24f35e1b516d23)
Start importing Assets/Polytope Studio/Lowpoly_Demos/Environment_Free/Helpers/Terrain/TerrainData_d3c37e8d-6092-48f4-b81e-93b97326e4d2.asset using Guid(dbe8ee5abb1344a4e8a8b80348f13db8) Importer(2089858483,0ecaa5967403d082aa24f35e1b516d23) [PhysX] Initialized MultithreadedTaskDispatcher with 4 workers.
 -> (artifact id: '56f598cc2bf080440c8adeecab78ec00') in 0.046578 seconds
Number of updated asset objects reloaded before import = 0
Number of asset objects unloaded after import = 23
========================================================================
Received Import Request.
  Time since last request: 0.000022 seconds.
  path: Assets/Polytope Studio/Lowpoly_Demos/Environment_Free/Helpers/Terrain/TerrainData_ff4b5190-b520-4d46-b960-ee1d0967df26.asset
  artifactKey: Guid(3349f3f4495a62f40895e095545b535e) Importer(2089858483,0ecaa5967403d082aa24f35e1b516d23)
Start importing Assets/Polytope Studio/Lowpoly_Demos/Environment_Free/Helpers/Terrain/TerrainData_ff4b5190-b520-4d46-b960-ee1d0967df26.asset using Guid(3349f3f4495a62f40895e095545b535e) Importer(2089858483,0ecaa5967403d082aa24f35e1b516d23) [PhysX] Initialized MultithreadedTaskDispatcher with 4 workers.
 -> (artifact id: 'ed1078dc532596b60c3e5d624a4b3c1b') in 0.039993 seconds
Number of updated asset objects reloaded before import = 0
Number of asset objects unloaded after import = 23
========================================================================
Received Import Request.
  Time since last request: 0.000021 seconds.
  path: Assets/Polytope Studio/Lowpoly_Demos/Environment_Free/Helpers/Terrain/TerrainData_88efe361-6f68-4188-bcd0-e9554ca440b9.asset
  artifactKey: Guid(f2e008cefb3ff674e8c681a3f961fb80) Importer(2089858483,0ecaa5967403d082aa24f35e1b516d23)
Start importing Assets/Polytope Studio/Lowpoly_Demos/Environment_Free/Helpers/Terrain/TerrainData_88efe361-6f68-4188-bcd0-e9554ca440b9.asset using Guid(f2e008cefb3ff674e8c681a3f961fb80) Importer(2089858483,0ecaa5967403d082aa24f35e1b516d23) [PhysX] Initialized MultithreadedTaskDispatcher with 4 workers.
 -> (artifact id: 'c51f3125a5ae92216924a9ca5c303935') in 0.045109 seconds
Number of updated asset objects reloaded before import = 0
Number of asset objects unloaded after import = 23
========================================================================
Received Import Request.
  Time since last request: 0.000024 seconds.
  path: Assets/Polytope Studio/Lowpoly_Environments/Sources/Meshes/Rocks/PT_Generic_Rock_01.fbx
  artifactKey: Guid(f226223b3a11d2d4b980aaa520301583) Importer(2089858483,0ecaa5967403d082aa24f35e1b516d23)
Start importing Assets/Polytope Studio/Lowpoly_Environments/Sources/Meshes/Rocks/PT_Generic_Rock_01.fbx using Guid(f226223b3a11d2d4b980aaa520301583) Importer(2089858483,0ecaa5967403d082aa24f35e1b516d23) [PhysX] Initialized MultithreadedTaskDispatcher with 4 workers.
 -> (artifact id: '70aaecaa8a7be7fce409daeb0b5daf2a') in 0.030604 seconds
Number of updated asset objects reloaded before import = 0
Number of asset objects unloaded after import = 20
========================================================================
Received Import Request.
  Time since last request: 0.000024 seconds.
  path: Assets/Little_GhostLP(FREE)/Material/Ghost Kid/Blue 1.mat
  artifactKey: Guid(31671b9a7e5932446827df075c9ae79d) Importer(2089858483,0ecaa5967403d082aa24f35e1b516d23)
Start importing Assets/Little_GhostLP(FREE)/Material/Ghost Kid/Blue 1.mat using Guid(31671b9a7e5932446827df075c9ae79d) Importer(2089858483,0ecaa5967403d082aa24f35e1b516d23) [PhysX] Initialized MultithreadedTaskDispatcher with 4 workers.
 -> (artifact id: 'd88d7cce89aa5bd0eb8067998b23e83c') in 0.038909 seconds
Number of updated asset objects reloaded before import = 0
Number of asset objects unloaded after import = 2
========================================================================
Received Import Request.
  Time since last request: 0.000029 seconds.
  path: Assets/Script/TowerLevel.cs
  artifactKey: Guid(5aa3af1641fc9b3468681f4b74147b7b) Importer(2089858483,0ecaa5967403d082aa24f35e1b516d23)
Start importing Assets/Script/TowerLevel.cs using Guid(5aa3af1641fc9b3468681f4b74147b7b) Importer(2089858483,0ecaa5967403d082aa24f35e1b516d23) [PhysX] Initialized MultithreadedTaskDispatcher with 4 workers.
 -> (artifact id: '2505f6260084a0f56a6a8402ef7e4de6') in 0.014984 seconds
Number of updated asset objects reloaded before import = 0
Number of asset objects unloaded after import = 1
========================================================================
Received Import Request.
  Time since last request: 0.000022 seconds.
  path: Assets/Script/LevelData.cs
  artifactKey: Guid(e859f2a9ebefa524d9bc4f246af01969) Importer(2089858483,0ecaa5967403d082aa24f35e1b516d23)
Start importing Assets/Script/LevelData.cs using Guid(e859f2a9ebefa524d9bc4f246af01969) Importer(2089858483,0ecaa5967403d082aa24f35e1b516d23) [PhysX] Initialized MultithreadedTaskDispatcher with 4 workers.
 -> (artifact id: '4dc574a471c7ecbbf2b9180461b2dfdd') in 0.016405 seconds
Number of updated asset objects reloaded before import = 0
Number of asset objects unloaded after import = 1
========================================================================
Received Import Request.
  Time since last request: 0.000021 seconds.
  path: Assets/Polytope Studio/Lowpoly_Demos/Environment_Free/Helpers/Ground_Layer_02.terrainlayer
  artifactKey: Guid(f7ce30ec9b280b34cacb1a1005349890) Importer(2089858483,0ecaa5967403d082aa24f35e1b516d23)
Start importing Assets/Polytope Studio/Lowpoly_Demos/Environment_Free/Helpers/Ground_Layer_02.terrainlayer using Guid(f7ce30ec9b280b34cacb1a1005349890) Importer(2089858483,0ecaa5967403d082aa24f35e1b516d23) [PhysX] Initialized MultithreadedTaskDispatcher with 4 workers.
 -> (artifact id: '6695d80189afb6afa3f9fe47d06f5f9d') in 0.038392 seconds
Number of updated asset objects reloaded before import = 0
Number of asset objects unloaded after import = 2
========================================================================
Received Import Request.
  Time since last request: 0.000024 seconds.
  path: Assets/Polytope Studio/Lowpoly_Environments/Sources/Materials/PT_Fruit_Tree_Foliage_Mat.mat
  artifactKey: Guid(0a1f44318dd467a45bfef81ad0e8855a) Importer(2089858483,0ecaa5967403d082aa24f35e1b516d23)
Start importing Assets/Polytope Studio/Lowpoly_Environments/Sources/Materials/PT_Fruit_Tree_Foliage_Mat.mat using Guid(0a1f44318dd467a45bfef81ad0e8855a) Importer(2089858483,0ecaa5967403d082aa24f35e1b516d23) [PhysX] Initialized MultithreadedTaskDispatcher with 4 workers.
 -> (artifact id: '13e17e11aaf0b648592566e203fab25c') in 0.043785 seconds
Number of updated asset objects reloaded before import = 0
Number of asset objects unloaded after import = 2
========================================================================
Received Import Request.
  Time since last request: 0.000021 seconds.
  path: Assets/Polytope Studio/Lowpoly_Environments/Prefabs/Trees/PT_Pine_Tree_03_dead.prefab
  artifactKey: Guid(c7827efbbf7212f42803476ce3f9d082) Importer(2089858483,0ecaa5967403d082aa24f35e1b516d23)
Start importing Assets/Polytope Studio/Lowpoly_Environments/Prefabs/Trees/PT_Pine_Tree_03_dead.prefab using Guid(c7827efbbf7212f42803476ce3f9d082) Importer(2089858483,0ecaa5967403d082aa24f35e1b516d23) [PhysX] Initialized MultithreadedTaskDispatcher with 4 workers.
 -> (artifact id: '4e2e6b34cacf85fb7e6a80fd88a101f1') in 0.033676 seconds
Number of updated asset objects reloaded before import = 0
Number of asset objects unloaded after import = 20
========================================================================
Received Import Request.
  Time since last request: 0.000020 seconds.
  path: Assets/Polytope Studio/Lowpoly_Environments/Sources/Textures/PT_Ground_Generic_03.png
  artifactKey: Guid(e0b09c625cee17a48b22b2cf949cd320) Importer(2089858483,0ecaa5967403d082aa24f35e1b516d23)
Start importing Assets/Polytope Studio/Lowpoly_Environments/Sources/Textures/PT_Ground_Generic_03.png using Guid(e0b09c625cee17a48b22b2cf949cd320) Importer(2089858483,0ecaa5967403d082aa24f35e1b516d23) [PhysX] Initialized MultithreadedTaskDispatcher with 4 workers.
 -> (artifact id: '821f8395591770d38ff1813a46009080') in 0.038493 seconds
Number of updated asset objects reloaded before import = 0
Number of asset objects unloaded after import = 1
========================================================================
Received Import Request.
  Time since last request: 0.000049 seconds.
  path: Assets/Script/LevelManager.cs
  artifactKey: Guid(a4bab81cdf4e1594f81adf2576f51b5a) Importer(2089858483,0ecaa5967403d082aa24f35e1b516d23)
Start importing Assets/Script/LevelManager.cs using Guid(a4bab81cdf4e1594f81adf2576f51b5a) Importer(2089858483,0ecaa5967403d082aa24f35e1b516d23) [PhysX] Initialized MultithreadedTaskDispatcher with 4 workers.
 -> (artifact id: 'ae459dcff24c50630062ec9e1bec82b0') in 0.014750 seconds
Number of updated asset objects reloaded before import = 0
Number of asset objects unloaded after import = 1
========================================================================
Received Import Request.
  Time since last request: 0.000028 seconds.
  path: Assets/Material/New Material 2.mat
  artifactKey: Guid(4a2b218fb296c814a9abfc4205f0ea30) Importer(2089858483,0ecaa5967403d082aa24f35e1b516d23)
Start importing Assets/Material/New Material 2.mat using Guid(4a2b218fb296c814a9abfc4205f0ea30) Importer(2089858483,0ecaa5967403d082aa24f35e1b516d23) [PhysX] Initialized MultithreadedTaskDispatcher with 4 workers.
 -> (artifact id: '671c92566b1a51d1985687eea91ec490') in 0.026631 seconds
Number of updated asset objects reloaded before import = 0
Number of asset objects unloaded after import = 1
========================================================================
Received Import Request.
  Time since last request: 0.000027 seconds.
  path: Assets/Polytope Studio/Lowpoly_Environments/Sources/Meshes/Rocks/PT_River_Rock_Pile_02.fbx
  artifactKey: Guid(e5e1b3c0d2be60b47981235187af0936) Importer(2089858483,0ecaa5967403d082aa24f35e1b516d23)
Start importing Assets/Polytope Studio/Lowpoly_Environments/Sources/Meshes/Rocks/PT_River_Rock_Pile_02.fbx using Guid(e5e1b3c0d2be60b47981235187af0936) Importer(2089858483,0ecaa5967403d082aa24f35e1b516d23) [PhysX] Initialized MultithreadedTaskDispatcher with 4 workers.
 -> (artifact id: '37bcebc26713ee7b59d6f6137997b062') in 0.041333 seconds
Number of updated asset objects reloaded before import = 0
Number of asset objects unloaded after import = 20
========================================================================
Received Import Request.
  Time since last request: 0.000020 seconds.
  path: Assets/Polytope Studio/Lowpoly_Environments/Sources/Meshes/Shrubs/PT_Generic_Shrub_01_dead.fbx
  artifactKey: Guid(0101712be5ca1c7449afe15d548c8817) Importer(2089858483,0ecaa5967403d082aa24f35e1b516d23)
Start importing Assets/Polytope Studio/Lowpoly_Environments/Sources/Meshes/Shrubs/PT_Generic_Shrub_01_dead.fbx using Guid(0101712be5ca1c7449afe15d548c8817) Importer(2089858483,0ecaa5967403d082aa24f35e1b516d23) [PhysX] Initialized MultithreadedTaskDispatcher with 4 workers.
 -> (artifact id: '9c41533b4e273f5b8cb7e63d6469a57e') in 0.047902 seconds
Number of updated asset objects reloaded before import = 0
Number of asset objects unloaded after import = 20
========================================================================
Received Import Request.
  Time since last request: 0.000027 seconds.
  path: Assets/Polytope Studio/Lowpoly_Environments/Sources/Meshes/Trees/PT_Fruit_Tree_01_green_cut.fbx
  artifactKey: Guid(1500a5535a073af4797d5ba960824cb3) Importer(2089858483,0ecaa5967403d082aa24f35e1b516d23)
Start importing Assets/Polytope Studio/Lowpoly_Environments/Sources/Meshes/Trees/PT_Fruit_Tree_01_green_cut.fbx using Guid(1500a5535a073af4797d5ba960824cb3) Importer(2089858483,0ecaa5967403d082aa24f35e1b516d23) [PhysX] Initialized MultithreadedTaskDispatcher with 4 workers.
 -> (artifact id: 'd8871d1a2942e5df4d63d370787285f2') in 0.028903 seconds
Number of updated asset objects reloaded before import = 0
Number of asset objects unloaded after import = 7
========================================================================
Received Import Request.
  Time since last request: 0.000022 seconds.
  path: Assets/Polytope Studio/Lowpoly_Environments/Sources/Meshes/Rocks/PT_Ore_Rock_01_split.fbx
  artifactKey: Guid(e011a827265c38e44baeae9310a2a9e2) Importer(2089858483,0ecaa5967403d082aa24f35e1b516d23)
Start importing Assets/Polytope Studio/Lowpoly_Environments/Sources/Meshes/Rocks/PT_Ore_Rock_01_split.fbx using Guid(e011a827265c38e44baeae9310a2a9e2) Importer(2089858483,0ecaa5967403d082aa24f35e1b516d23) [PhysX] Initialized MultithreadedTaskDispatcher with 4 workers.
 -> (artifact id: 'c18272bf074c18e4667fa72b3c6e7008') in 0.031397 seconds
Number of updated asset objects reloaded before import = 0
Number of asset objects unloaded after import = 20
========================================================================
Received Import Request.
  Time since last request: 0.000018 seconds.
  path: Assets/Polytope Studio/Lowpoly_Environments/Sources/Meshes/Trees/PT_Fruit_Tree_01_stump.fbx
  artifactKey: Guid(f42a2ed0c78e45643bba339ed33235d4) Importer(2089858483,0ecaa5967403d082aa24f35e1b516d23)
Start importing Assets/Polytope Studio/Lowpoly_Environments/Sources/Meshes/Trees/PT_Fruit_Tree_01_stump.fbx using Guid(f42a2ed0c78e45643bba339ed33235d4) Importer(2089858483,0ecaa5967403d082aa24f35e1b516d23) [PhysX] Initialized MultithreadedTaskDispatcher with 4 workers.
 -> (artifact id: 'e2736b7b9da001f4a8547376f54000cb') in 0.028792 seconds
Number of updated asset objects reloaded before import = 0
Number of asset objects unloaded after import = 7
========================================================================
Received Import Request.
  Time since last request: 0.000020 seconds.
  path: Assets/Little_GhostLP(FREE)/Documentation/Documentation(Little Ghost FREE).txt
  artifactKey: Guid(f755802c49db392449deb2cd7e65952a) Importer(2089858483,0ecaa5967403d082aa24f35e1b516d23)
Start importing Assets/Little_GhostLP(FREE)/Documentation/Documentation(Little Ghost FREE).txt using Guid(f755802c49db392449deb2cd7e65952a) Importer(2089858483,0ecaa5967403d082aa24f35e1b516d23) [PhysX] Initialized MultithreadedTaskDispatcher with 4 workers.
 -> (artifact id: 'f5547d3d834810ba177c30aa83115676') in 0.020793 seconds
Number of updated asset objects reloaded before import = 0
Number of asset objects unloaded after import = 1
========================================================================
Received Import Request.
  Time since last request: 0.000017 seconds.
  path: Assets/Polytope Studio/Lowpoly_Demos/Environment_Free/Helpers/FENCE.prefab
  artifactKey: Guid(f16f39bd1be9d4140ad0cd32366b3c89) Importer(2089858483,0ecaa5967403d082aa24f35e1b516d23)
Start importing Assets/Polytope Studio/Lowpoly_Demos/Environment_Free/Helpers/FENCE.prefab using Guid(f16f39bd1be9d4140ad0cd32366b3c89) Importer(2089858483,0ecaa5967403d082aa24f35e1b516d23) [PhysX] Initialized MultithreadedTaskDispatcher with 4 workers.
 -> (artifact id: '17d01eeb4bd26aef8765b04ab44e2268') in 0.055764 seconds
Number of updated asset objects reloaded before import = 0
Number of asset objects unloaded after import = 214
========================================================================
Received Import Request.
  Time since last request: 0.000033 seconds.
  path: Assets/Little_GhostLP(FREE)/FBX/Floor Rounded.fbx
  artifactKey: Guid(b7bb9d9193ce6f046b2d749fe79b86d0) Importer(2089858483,0ecaa5967403d082aa24f35e1b516d23)
Start importing Assets/Little_GhostLP(FREE)/FBX/Floor Rounded.fbx using Guid(b7bb9d9193ce6f046b2d749fe79b86d0) Importer(2089858483,0ecaa5967403d082aa24f35e1b516d23) [PhysX] Initialized MultithreadedTaskDispatcher with 4 workers.
 -> (artifact id: '0c2e9e4acf498325bad6199aff1739d8') in 0.026621 seconds
Number of updated asset objects reloaded before import = 0
Number of asset objects unloaded after import = 8
========================================================================
Received Import Request.
  Time since last request: 0.000031 seconds.
  path: Assets/Polytope Studio/Lowpoly_Environments/Sources/Materials/PT_Pine_Tree_Leaves_Mat.mat
  artifactKey: Guid(823cb446423dd7747b7454d5cf133e75) Importer(2089858483,0ecaa5967403d082aa24f35e1b516d23)
Start importing Assets/Polytope Studio/Lowpoly_Environments/Sources/Materials/PT_Pine_Tree_Leaves_Mat.mat using Guid(823cb446423dd7747b7454d5cf133e75) Importer(2089858483,0ecaa5967403d082aa24f35e1b516d23) [PhysX] Initialized MultithreadedTaskDispatcher with 4 workers.
 -> (artifact id: '095ed2c8989603e0394d863584ce8db9') in 0.039872 seconds
Number of updated asset objects reloaded before import = 0
Number of asset objects unloaded after import = 2
========================================================================
Received Import Request.
  Time since last request: 0.000029 seconds.
  path: Assets/Polytope Studio/Lowpoly_Demos/Environment_Free/Helpers/PT_Generic_Tree_Leaves_mat 2.mat
  artifactKey: Guid(40e61747f5ab72d409498dd1603b8289) Importer(2089858483,0ecaa5967403d082aa24f35e1b516d23)
Start importing Assets/Polytope Studio/Lowpoly_Demos/Environment_Free/Helpers/PT_Generic_Tree_Leaves_mat 2.mat using Guid(40e61747f5ab72d409498dd1603b8289) Importer(2089858483,0ecaa5967403d082aa24f35e1b516d23) [PhysX] Initialized MultithreadedTaskDispatcher with 4 workers.
 -> (artifact id: '4740aa3e8033e40e9ac6c6249042fef9') in 0.029480 seconds
Number of updated asset objects reloaded before import = 0
Number of asset objects unloaded after import = 2
========================================================================
Received Import Request.
  Time since last request: 0.000020 seconds.
  path: Assets/Polytope Studio/Lowpoly_Demos/Environment_Free/Helpers/Terrain/TerrainData_984456c3-d32f-475f-a118-27bb19f92a65.asset
  artifactKey: Guid(abd9fc8a29ea3f549bf82c3d3b8c843f) Importer(2089858483,0ecaa5967403d082aa24f35e1b516d23)
Start importing Assets/Polytope Studio/Lowpoly_Demos/Environment_Free/Helpers/Terrain/TerrainData_984456c3-d32f-475f-a118-27bb19f92a65.asset using Guid(abd9fc8a29ea3f549bf82c3d3b8c843f) Importer(2089858483,0ecaa5967403d082aa24f35e1b516d23) [PhysX] Initialized MultithreadedTaskDispatcher with 4 workers.
 -> (artifact id: '5a65f6e6c0abd2240edd7ada4a290101') in 0.040544 seconds
Number of updated asset objects reloaded before import = 0
Number of asset objects unloaded after import = 23
========================================================================
Received Import Request.
  Time since last request: 0.000023 seconds.
  path: Assets/Polytope Studio/Lowpoly_Environments/Sources/Meshes/Trees/PT_Fruit_Tree_01_dead.fbx
  artifactKey: Guid(3ebf65d3a6489594ca09a35d85d43b0a) Importer(2089858483,0ecaa5967403d082aa24f35e1b516d23)
Start importing Assets/Polytope Studio/Lowpoly_Environments/Sources/Meshes/Trees/PT_Fruit_Tree_01_dead.fbx using Guid(3ebf65d3a6489594ca09a35d85d43b0a) Importer(2089858483,0ecaa5967403d082aa24f35e1b516d23) [PhysX] Initialized MultithreadedTaskDispatcher with 4 workers.
 -> (artifact id: '96228a128b08b8ce3e9668b8e960c031') in 0.039523 seconds
Number of updated asset objects reloaded before import = 0
Number of asset objects unloaded after import = 20
========================================================================
Received Import Request.
  Time since last request: 0.000020 seconds.
  path: Assets/Polytope Studio/Lowpoly_Demos/Environment_Free/Environment_Free.unity
  artifactKey: Guid(c732593fe76e5a84197f9cd13963f706) Importer(2089858483,0ecaa5967403d082aa24f35e1b516d23)
Start importing Assets/Polytope Studio/Lowpoly_Demos/Environment_Free/Environment_Free.unity using Guid(c732593fe76e5a84197f9cd13963f706) Importer(2089858483,0ecaa5967403d082aa24f35e1b516d23) [PhysX] Initialized MultithreadedTaskDispatcher with 4 workers.
 -> (artifact id: 'fd535ada469cf9756c949b754a29a694') in 0.013490 seconds
Number of updated asset objects reloaded before import = 0
Number of asset objects unloaded after import = 1
========================================================================
Received Import Request.
  Time since last request: 0.000023 seconds.
  path: Assets/Little_GhostLP(FREE)/Texture/Axe.png
  artifactKey: Guid(3c3d1bbcf3b256f4dad25b08de76d89d) Importer(2089858483,0ecaa5967403d082aa24f35e1b516d23)
Start importing Assets/Little_GhostLP(FREE)/Texture/Axe.png using Guid(3c3d1bbcf3b256f4dad25b08de76d89d) Importer(2089858483,0ecaa5967403d082aa24f35e1b516d23) [PhysX] Initialized MultithreadedTaskDispatcher with 4 workers.
 -> (artifact id: 'bea9a14cec42bde1c7f47684fe35f050') in 0.027490 seconds
Number of updated asset objects reloaded before import = 0
Number of asset objects unloaded after import = 1
========================================================================
Received Import Request.
  Time since last request: 0.000031 seconds.
  path: Assets/Polytope Studio/Lowpoly_Environments/Sources/Meshes/Trees/PT_Pine_Tree_03_green_cut.fbx
  artifactKey: Guid(2a5e649cde00dd847885c694eb77f1fb) Importer(2089858483,0ecaa5967403d082aa24f35e1b516d23)
Start importing Assets/Polytope Studio/Lowpoly_Environments/Sources/Meshes/Trees/PT_Pine_Tree_03_green_cut.fbx using Guid(2a5e649cde00dd847885c694eb77f1fb) Importer(2089858483,0ecaa5967403d082aa24f35e1b516d23) [PhysX] Initialized MultithreadedTaskDispatcher with 4 workers.
 -> (artifact id: '50bf80e4297a66180e915928621d3379') in 0.027532 seconds
Number of updated asset objects reloaded before import = 0
Number of asset objects unloaded after import = 7
========================================================================
Received Import Request.
  Time since last request: 0.000023 seconds.
  path: Assets/Polytope Studio/Lowpoly_Environments/Prefabs/Trees/PT_Fruit_Tree_01_logs.prefab
  artifactKey: Guid(c0c32672766a81647b04690fc9ed3595) Importer(2089858483,0ecaa5967403d082aa24f35e1b516d23)
Start importing Assets/Polytope Studio/Lowpoly_Environments/Prefabs/Trees/PT_Fruit_Tree_01_logs.prefab using Guid(c0c32672766a81647b04690fc9ed3595) Importer(2089858483,0ecaa5967403d082aa24f35e1b516d23) [PhysX] Initialized MultithreadedTaskDispatcher with 4 workers.
 -> (artifact id: '4f7dcee7674ddfbf5d6fac86dea3412f') in 0.032633 seconds
Number of updated asset objects reloaded before import = 0
Number of asset objects unloaded after import = 7
========================================================================
Received Import Request.
  Time since last request: 0.000028 seconds.
  path: Assets/Polytope Studio/Lowpoly_Demos/Environment_Free/Helpers/Terrain/TerrainData_6dc76592-a48a-4163-91df-c29ec1a99c66.asset
  artifactKey: Guid(c40d5572f8d7d6843bd8d20c21f1c0be) Importer(2089858483,0ecaa5967403d082aa24f35e1b516d23)
Start importing Assets/Polytope Studio/Lowpoly_Demos/Environment_Free/Helpers/Terrain/TerrainData_6dc76592-a48a-4163-91df-c29ec1a99c66.asset using Guid(c40d5572f8d7d6843bd8d20c21f1c0be) Importer(2089858483,0ecaa5967403d082aa24f35e1b516d23) [PhysX] Initialized MultithreadedTaskDispatcher with 4 workers.
 -> (artifact id: '3e4a58990add9248e14806fe16f1976f') in 0.043105 seconds
Number of updated asset objects reloaded before import = 0
Number of asset objects unloaded after import = 23
========================================================================
Received Import Request.
  Time since last request: 0.000020 seconds.
  path: Assets/Polytope Studio/Lowpoly_Environments/Sources/Meshes/Trees/PT_Pine_Tree_03_stump.fbx
  artifactKey: Guid(13bd9962aed9bef41bc2dd73a559c317) Importer(2089858483,0ecaa5967403d082aa24f35e1b516d23)
Start importing Assets/Polytope Studio/Lowpoly_Environments/Sources/Meshes/Trees/PT_Pine_Tree_03_stump.fbx using Guid(13bd9962aed9bef41bc2dd73a559c317) Importer(2089858483,0ecaa5967403d082aa24f35e1b516d23) [PhysX] Initialized MultithreadedTaskDispatcher with 4 workers.
 -> (artifact id: '2dd82fdee151df228e14ca11bbbfb896') in 0.027966 seconds
Number of updated asset objects reloaded before import = 0
Number of asset objects unloaded after import = 7
========================================================================
Received Import Request.
  Time since last request: 0.000022 seconds.
  path: Assets/Polytope Studio/Lowpoly_Environments/Sources/Textures/PT_Grass_02.png
  artifactKey: Guid(f2a86d9c4950f4c4e81271677d2e2624) Importer(2089858483,0ecaa5967403d082aa24f35e1b516d23)
Start importing Assets/Polytope Studio/Lowpoly_Environments/Sources/Textures/PT_Grass_02.png using Guid(f2a86d9c4950f4c4e81271677d2e2624) Importer(2089858483,0ecaa5967403d082aa24f35e1b516d23) [PhysX] Initialized MultithreadedTaskDispatcher with 4 workers.
 -> (artifact id: '0e534ec873c004e027d9c1601e30520c') in 0.085512 seconds
Number of updated asset objects reloaded before import = 0
Number of asset objects unloaded after import = 1
========================================================================
Received Import Request.
  Time since last request: 0.000021 seconds.
  path: Assets/Polytope Studio/Lowpoly_Village/Prefabs/Modular/Fence/PT_Modular_Fence_Wood_03.prefab
  artifactKey: Guid(2c59246f075efff4eacdd481ad75421a) Importer(2089858483,0ecaa5967403d082aa24f35e1b516d23)
Start importing Assets/Polytope Studio/Lowpoly_Village/Prefabs/Modular/Fence/PT_Modular_Fence_Wood_03.prefab using Guid(2c59246f075efff4eacdd481ad75421a) Importer(2089858483,0ecaa5967403d082aa24f35e1b516d23) [PhysX] Initialized MultithreadedTaskDispatcher with 4 workers.
 -> (artifact id: 'df4314fe3171dff05d80338fd1981c38') in 0.030375 seconds
Number of updated asset objects reloaded before import = 0
Number of asset objects unloaded after import = 8
========================================================================
Received Import Request.
  Time since last request: 0.000026 seconds.
  path: Assets/Polytope Studio/Lowpoly_Environments/Sources/Materials/PT_Terrain_mat.mat
  artifactKey: Guid(48c26796e9175d14a9b2eccded92bb92) Importer(2089858483,0ecaa5967403d082aa24f35e1b516d23)
Start importing Assets/Polytope Studio/Lowpoly_Environments/Sources/Materials/PT_Terrain_mat.mat using Guid(48c26796e9175d14a9b2eccded92bb92) Importer(2089858483,0ecaa5967403d082aa24f35e1b516d23) [PhysX] Initialized MultithreadedTaskDispatcher with 4 workers.
 -> (artifact id: 'c8abe8deabe82ca4c51aec5a6d10887a') in 0.023871 seconds
Number of updated asset objects reloaded before import = 0
Number of asset objects unloaded after import = 1
========================================================================
Received Import Request.
  Time since last request: 0.000023 seconds.
  path: Assets/Polytope Studio/Lowpoly_Environments/Sources/Meshes/Rocks/PT_Menhir_Rock_02.fbx
  artifactKey: Guid(e0fe1b80592a0144babd1bf297ad32ad) Importer(2089858483,0ecaa5967403d082aa24f35e1b516d23)
Start importing Assets/Polytope Studio/Lowpoly_Environments/Sources/Meshes/Rocks/PT_Menhir_Rock_02.fbx using Guid(e0fe1b80592a0144babd1bf297ad32ad) Importer(2089858483,0ecaa5967403d082aa24f35e1b516d23) [PhysX] Initialized MultithreadedTaskDispatcher with 4 workers.
 -> (artifact id: '5cfd4c480bef7615fdb0e502faad34e7') in 0.037244 seconds
Number of updated asset objects reloaded before import = 0
Number of asset objects unloaded after import = 20
========================================================================
Received Import Request.
  Time since last request: 0.000028 seconds.
  path: Assets/Little_GhostLP(FREE)/Texture/Checker yellow black.png
  artifactKey: Guid(eb1a62245a4aa754fa1601381f3a17f4) Importer(2089858483,0ecaa5967403d082aa24f35e1b516d23)
Start importing Assets/Little_GhostLP(FREE)/Texture/Checker yellow black.png using Guid(eb1a62245a4aa754fa1601381f3a17f4) Importer(2089858483,0ecaa5967403d082aa24f35e1b516d23) [PhysX] Initialized MultithreadedTaskDispatcher with 4 workers.
 -> (artifact id: '13609a25fe839d0a61f7910822475101') in 0.038214 seconds
Number of updated asset objects reloaded before import = 0
Number of asset objects unloaded after import = 1
========================================================================
Received Import Request.
  Time since last request: 0.000018 seconds.
  path: Assets/Little_GhostLP(FREE)/Prefabs/LittleGhost_LP (5).prefab
  artifactKey: Guid(b713585f24f940f4eadb10319818ef40) Importer(2089858483,0ecaa5967403d082aa24f35e1b516d23)
Start importing Assets/Little_GhostLP(FREE)/Prefabs/LittleGhost_LP (5).prefab using Guid(b713585f24f940f4eadb10319818ef40) Importer(2089858483,0ecaa5967403d082aa24f35e1b516d23) [PhysX] Initialized MultithreadedTaskDispatcher with 4 workers.
 -> (artifact id: '184e8cfc6d592fdb8ce3480f57a3ee35') in 0.298422 seconds
Number of updated asset objects reloaded before import = 0
Number of asset objects unloaded after import = 53
========================================================================
Received Import Request.
  Time since last request: 0.000023 seconds.
  path: Assets/Polytope Studio/Lowpoly_Demos/Environment_Free/Helpers/PT_Medieval_Village_Fence_04 1.fbx
  artifactKey: Guid(fae1e260fe6764d4294c4ab57fdf218b) Importer(2089858483,0ecaa5967403d082aa24f35e1b516d23)
Start importing Assets/Polytope Studio/Lowpoly_Demos/Environment_Free/Helpers/PT_Medieval_Village_Fence_04 1.fbx using Guid(fae1e260fe6764d4294c4ab57fdf218b) Importer(2089858483,0ecaa5967403d082aa24f35e1b516d23) [PhysX] Initialized MultithreadedTaskDispatcher with 4 workers.
 -> (artifact id: '45d9ddb04daf11960805924b23fb2b54') in 0.042832 seconds
Number of updated asset objects reloaded before import = 0
Number of asset objects unloaded after import = 8
========================================================================
Received Import Request.
  Time since last request: 0.000038 seconds.
  path: Assets/Little_GhostLP(FREE)/Texture/Hat/Witch Hat 2.png
  artifactKey: Guid(eece8cabec0afe34b838516567e4d786) Importer(2089858483,0ecaa5967403d082aa24f35e1b516d23)
Start importing Assets/Little_GhostLP(FREE)/Texture/Hat/Witch Hat 2.png using Guid(eece8cabec0afe34b838516567e4d786) Importer(2089858483,0ecaa5967403d082aa24f35e1b516d23) [PhysX] Initialized MultithreadedTaskDispatcher with 4 workers.
 -> (artifact id: '6730263a108060ced8ecc7b8bc5b356c') in 0.037188 seconds
Number of updated asset objects reloaded before import = 0
Number of asset objects unloaded after import = 1
========================================================================
Received Import Request.
  Time since last request: 0.000020 seconds.
  path: Assets/Polytope Studio/Lowpoly_Demos/Environment_Free/Helpers/PT_Medieval_Village_Fence_01 1.fbx
  artifactKey: Guid(bb9b2e893602d46409a85630c7954a03) Importer(2089858483,0ecaa5967403d082aa24f35e1b516d23)
Start importing Assets/Polytope Studio/Lowpoly_Demos/Environment_Free/Helpers/PT_Medieval_Village_Fence_01 1.fbx using Guid(bb9b2e893602d46409a85630c7954a03) Importer(2089858483,0ecaa5967403d082aa24f35e1b516d23) [PhysX] Initialized MultithreadedTaskDispatcher with 4 workers.
 -> (artifact id: '6fdb635b4300e71017c664fd9e3dd304') in 0.034329 seconds
Number of updated asset objects reloaded before import = 0
Number of asset objects unloaded after import = 8
========================================================================
Received Import Request.
  Time since last request: 0.000029 seconds.
  path: Assets/Polytope Studio/Lowpoly_Environments/Sources/Meshes/Rocks/PT_Ore_Rock_01.fbx
  artifactKey: Guid(a9129ae83f8faf646961b70c4b103833) Importer(2089858483,0ecaa5967403d082aa24f35e1b516d23)
Start importing Assets/Polytope Studio/Lowpoly_Environments/Sources/Meshes/Rocks/PT_Ore_Rock_01.fbx using Guid(a9129ae83f8faf646961b70c4b103833) Importer(2089858483,0ecaa5967403d082aa24f35e1b516d23) [PhysX] Initialized MultithreadedTaskDispatcher with 4 workers.
 -> (artifact id: 'a916d324531032c0055dbdd85823c35c') in 0.040558 seconds
Number of updated asset objects reloaded before import = 0
Number of asset objects unloaded after import = 20
========================================================================
Received Import Request.
  Time since last request: 0.000021 seconds.
  path: Assets/Polytope Studio/Lowpoly_Demos/Environment_Free/Helpers/PT_Wooden_Bridge_02 (1).prefab
  artifactKey: Guid(b1aad125634a32a43920ac986c185422) Importer(2089858483,0ecaa5967403d082aa24f35e1b516d23)
Start importing Assets/Polytope Studio/Lowpoly_Demos/Environment_Free/Helpers/PT_Wooden_Bridge_02 (1).prefab using Guid(b1aad125634a32a43920ac986c185422) Importer(2089858483,0ecaa5967403d082aa24f35e1b516d23) [PhysX] Initialized MultithreadedTaskDispatcher with 4 workers.
 -> (artifact id: 'a2c435dcec63a9646a3c97f0c41ada7f') in 0.060004 seconds
Number of updated asset objects reloaded before import = 0
Number of asset objects unloaded after import = 17
========================================================================
Received Import Request.
  Time since last request: 0.000030 seconds.
  path: Assets/Polytope Studio/Lowpoly_Village/Sources/Meshes/Modular/Fence/PT_Modular_Fence_Wood_02.fbx
  artifactKey: Guid(b67d2b761d3397348831d776dbb33e03) Importer(2089858483,0ecaa5967403d082aa24f35e1b516d23)
Start importing Assets/Polytope Studio/Lowpoly_Village/Sources/Meshes/Modular/Fence/PT_Modular_Fence_Wood_02.fbx using Guid(b67d2b761d3397348831d776dbb33e03) Importer(2089858483,0ecaa5967403d082aa24f35e1b516d23) [PhysX] Initialized MultithreadedTaskDispatcher with 4 workers.
 -> (artifact id: '073a80f56941701285d07048d840f378') in 0.031581 seconds
Number of updated asset objects reloaded before import = 0
Number of asset objects unloaded after import = 8
========================================================================
Received Import Request.
  Time since last request: 0.000024 seconds.
  path: Assets/Polytope Studio/Lowpoly_Village/Sources/Meshes/Modular/Fence/PT_Modular_Fence_Wood_01.fbx
  artifactKey: Guid(ed920bad5318ee347ad3e34dd82e273f) Importer(2089858483,0ecaa5967403d082aa24f35e1b516d23)
Start importing Assets/Polytope Studio/Lowpoly_Village/Sources/Meshes/Modular/Fence/PT_Modular_Fence_Wood_01.fbx using Guid(ed920bad5318ee347ad3e34dd82e273f) Importer(2089858483,0ecaa5967403d082aa24f35e1b516d23) [PhysX] Initialized MultithreadedTaskDispatcher with 4 workers.
 -> (artifact id: '6d3419bdacc3a4cd495d9333df9ae7ba') in 0.038673 seconds
Number of updated asset objects reloaded before import = 0
Number of asset objects unloaded after import = 8
========================================================================
Received Import Request.
  Time since last request: 0.000041 seconds.
  path: Assets/Polytope Studio/Lowpoly_Environments/Sources/Meshes/Trees/PT_Fruit_Tree_01_green.fbx
  artifactKey: Guid(f222748f1796b2e49a56a2fbf7563247) Importer(2089858483,0ecaa5967403d082aa24f35e1b516d23)
Start importing Assets/Polytope Studio/Lowpoly_Environments/Sources/Meshes/Trees/PT_Fruit_Tree_01_green.fbx using Guid(f222748f1796b2e49a56a2fbf7563247) Importer(2089858483,0ecaa5967403d082aa24f35e1b516d23) [PhysX] Initialized MultithreadedTaskDispatcher with 4 workers.
 -> (artifact id: '2114f9f3b9c41c061e0215e483043220') in 0.082803 seconds
Number of updated asset objects reloaded before import = 0
Number of asset objects unloaded after import = 20
========================================================================
Received Import Request.
  Time since last request: 0.000019 seconds.
  path: Assets/Polytope Studio/Lowpoly_Environments/Sources/Textures/PT_Grass_High_02.png
  artifactKey: Guid(4781e48c31bdfb74da8ba377aea81283) Importer(2089858483,0ecaa5967403d082aa24f35e1b516d23)
Start importing Assets/Polytope Studio/Lowpoly_Environments/Sources/Textures/PT_Grass_High_02.png using Guid(4781e48c31bdfb74da8ba377aea81283) Importer(2089858483,0ecaa5967403d082aa24f35e1b516d23) [PhysX] Initialized MultithreadedTaskDispatcher with 4 workers.
 -> (artifact id: '8a1471cd88829bbe8c86c0090bfff5d3') in 0.067463 seconds
Number of updated asset objects reloaded before import = 0
Number of asset objects unloaded after import = 1
========================================================================
Received Import Request.
  Time since last request: 0.000017 seconds.
  path: Assets/Polytope Studio/Lowpoly_Environments/Prefabs/Rocks/PT_Menhir_Rock_02.prefab
  artifactKey: Guid(0f3d14a9a6b2ceb469c15d151552a614) Importer(2089858483,0ecaa5967403d082aa24f35e1b516d23)
Start importing Assets/Polytope Studio/Lowpoly_Environments/Prefabs/Rocks/PT_Menhir_Rock_02.prefab using Guid(0f3d14a9a6b2ceb469c15d151552a614) Importer(2089858483,0ecaa5967403d082aa24f35e1b516d23) [PhysX] Initialized MultithreadedTaskDispatcher with 4 workers.
 -> (artifact id: 'ccf1dfe103d07e891c44130caac9c917') in 0.028330 seconds
Number of updated asset objects reloaded before import = 0
Number of asset objects unloaded after import = 20
========================================================================
Received Import Request.
  Time since last request: 0.000032 seconds.
  path: Assets/Script/MainMenu.cs
  artifactKey: Guid(a37d827c3a24166478366ca797221a8c) Importer(2089858483,0ecaa5967403d082aa24f35e1b516d23)
Start importing Assets/Script/MainMenu.cs using Guid(a37d827c3a24166478366ca797221a8c) Importer(2089858483,0ecaa5967403d082aa24f35e1b516d23) [PhysX] Initialized MultithreadedTaskDispatcher with 4 workers.
 -> (artifact id: 'f2867355c74ccecee82a30c3ca6f60ac') in 0.019955 seconds
Number of updated asset objects reloaded before import = 0
Number of asset objects unloaded after import = 1
========================================================================
Received Import Request.
  Time since last request: 0.000026 seconds.
  path: Assets/Polytope Studio/Lowpoly_Environments/Sources/Meshes/Trees/PT_Pine_Tree_03_green.fbx
  artifactKey: Guid(c2dcabc4d03cc9b4098225e59529d20d) Importer(2089858483,0ecaa5967403d082aa24f35e1b516d23)
Start importing Assets/Polytope Studio/Lowpoly_Environments/Sources/Meshes/Trees/PT_Pine_Tree_03_green.fbx using Guid(c2dcabc4d03cc9b4098225e59529d20d) Importer(2089858483,0ecaa5967403d082aa24f35e1b516d23) [PhysX] Initialized MultithreadedTaskDispatcher with 4 workers.
 -> (artifact id: 'e686ecc0fd392ddc424e91cf13bc8474') in 0.040020 seconds
Number of updated asset objects reloaded before import = 0
Number of asset objects unloaded after import = 20
========================================================================
Received Import Request.
  Time since last request: 0.000034 seconds.
  path: Assets/Script/TowerInfo.cs
  artifactKey: Guid(43712c0466a6c4044aed26a792cdd93b) Importer(2089858483,0ecaa5967403d082aa24f35e1b516d23)
Start importing Assets/Script/TowerInfo.cs using Guid(43712c0466a6c4044aed26a792cdd93b) Importer(2089858483,0ecaa5967403d082aa24f35e1b516d23) [PhysX] Initialized MultithreadedTaskDispatcher with 4 workers.
 -> (artifact id: '6063a73575b0ced2a799f61ba8de1573') in 0.019327 seconds
Number of updated asset objects reloaded before import = 0
Number of asset objects unloaded after import = 1
========================================================================
Received Import Request.
  Time since last request: 0.000025 seconds.
  path: Assets/Polytope Studio/Lowpoly_Environments/Sources/Shaders/PT_Vegetation_Plants_Shader.shader
  artifactKey: Guid(233be0623027421449b81f7423abaf79) Importer(2089858483,0ecaa5967403d082aa24f35e1b516d23)
Start importing Assets/Polytope Studio/Lowpoly_Environments/Sources/Shaders/PT_Vegetation_Plants_Shader.shader using Guid(233be0623027421449b81f7423abaf79) Importer(2089858483,0ecaa5967403d082aa24f35e1b516d23) [PhysX] Initialized MultithreadedTaskDispatcher with 4 workers.
 -> (artifact id: '484d0ce31175a2299b5353f76723de2a') in 0.030239 seconds
Number of updated asset objects reloaded before import = 0
Number of asset objects unloaded after import = 1
========================================================================
Received Import Request.
  Time since last request: 0.000030 seconds.
  path: Assets/Little_GhostLP(FREE)/Material/Floor.mat
  artifactKey: Guid(55a725e838814ea44b1bd9d5a940b21b) Importer(2089858483,0ecaa5967403d082aa24f35e1b516d23)
Start importing Assets/Little_GhostLP(FREE)/Material/Floor.mat using Guid(55a725e838814ea44b1bd9d5a940b21b) Importer(2089858483,0ecaa5967403d082aa24f35e1b516d23) [PhysX] Initialized MultithreadedTaskDispatcher with 4 workers.
 -> (artifact id: '23fb72a40a572d8027e5392a3d27e5f1') in 0.057566 seconds
Number of updated asset objects reloaded before import = 0
Number of asset objects unloaded after import = 2
========================================================================
Received Import Request.
  Time since last request: 0.000045 seconds.
  path: Assets/Polytope Studio/Lowpoly_Environments/Sources/Textures/PT_Rocks_01.png
  artifactKey: Guid(a195a893970f3ab4990bd06e18a0b308) Importer(2089858483,0ecaa5967403d082aa24f35e1b516d23)
Start importing Assets/Polytope Studio/Lowpoly_Environments/Sources/Textures/PT_Rocks_01.png using Guid(a195a893970f3ab4990bd06e18a0b308) Importer(2089858483,0ecaa5967403d082aa24f35e1b516d23) [PhysX] Initialized MultithreadedTaskDispatcher with 4 workers.
 -> (artifact id: 'db06fda2451292efcb253f460cd758e3') in 0.035129 seconds
Number of updated asset objects reloaded before import = 0
Number of asset objects unloaded after import = 1
========================================================================
Received Import Request.
  Time since last request: 0.000020 seconds.
  path: Assets/Polytope Studio/Lowpoly_Demos/Environment_Free/Helpers/Ground_Layer_01.terrainlayer
  artifactKey: Guid(52ac57c2c14c60b4d88913beb57dce00) Importer(2089858483,0ecaa5967403d082aa24f35e1b516d23)
Start importing Assets/Polytope Studio/Lowpoly_Demos/Environment_Free/Helpers/Ground_Layer_01.terrainlayer using Guid(52ac57c2c14c60b4d88913beb57dce00) Importer(2089858483,0ecaa5967403d082aa24f35e1b516d23) [PhysX] Initialized MultithreadedTaskDispatcher with 4 workers.
 -> (artifact id: 'a7747be376e60cc93552a21837a3c52f') in 0.026360 seconds
Number of updated asset objects reloaded before import = 0
Number of asset objects unloaded after import = 2
========================================================================
Received Import Request.
  Time since last request: 0.000019 seconds.
  path: Assets/Polytope Studio/Lowpoly_Village/Sources/Meshes/Modular/Bridge/PT_Wooden_Bridge_02.fbx
  artifactKey: Guid(06585c4a497d08f4591a54ccfdb05bcf) Importer(2089858483,0ecaa5967403d082aa24f35e1b516d23)
Start importing Assets/Polytope Studio/Lowpoly_Village/Sources/Meshes/Modular/Bridge/PT_Wooden_Bridge_02.fbx using Guid(06585c4a497d08f4591a54ccfdb05bcf) Importer(2089858483,0ecaa5967403d082aa24f35e1b516d23) [PhysX] Initialized MultithreadedTaskDispatcher with 4 workers.
 -> (artifact id: 'ec7e57878c848c83db642037b42ceb3a') in 0.031803 seconds
Number of updated asset objects reloaded before import = 0
Number of asset objects unloaded after import = 17
========================================================================
Received Import Request.
  Time since last request: 0.000022 seconds.
  path: Assets/Polytope Studio/Lowpoly_Environments/Prefabs/Mushrooms/PT_Caesars_Mushroom_01.prefab
  artifactKey: Guid(5228c984e5be7284d8d83c18096254dd) Importer(2089858483,0ecaa5967403d082aa24f35e1b516d23)
Start importing Assets/Polytope Studio/Lowpoly_Environments/Prefabs/Mushrooms/PT_Caesars_Mushroom_01.prefab using Guid(5228c984e5be7284d8d83c18096254dd) Importer(2089858483,0ecaa5967403d082aa24f35e1b516d23) [PhysX] Initialized MultithreadedTaskDispatcher with 4 workers.
 -> (artifact id: '80ff1069654139de395f2f8a3b2a602e') in 0.039565 seconds
Number of updated asset objects reloaded before import = 0
Number of asset objects unloaded after import = 7
========================================================================
Received Import Request.
  Time since last request: 0.000032 seconds.
  path: Assets/Polytope Studio/Lowpoly_Environments/Prefabs/Shrubs/PT_Generic_Shrub_01_dead.prefab
  artifactKey: Guid(8cf2966042f7c2f44ac97cda7cc59eff) Importer(2089858483,0ecaa5967403d082aa24f35e1b516d23)
Start importing Assets/Polytope Studio/Lowpoly_Environments/Prefabs/Shrubs/PT_Generic_Shrub_01_dead.prefab using Guid(8cf2966042f7c2f44ac97cda7cc59eff) Importer(2089858483,0ecaa5967403d082aa24f35e1b516d23) [PhysX] Initialized MultithreadedTaskDispatcher with 4 workers.
 -> (artifact id: '2efa03f923d4b0d7df233ca4c8ede645') in 0.024015 seconds
Number of updated asset objects reloaded before import = 0
Number of asset objects unloaded after import = 20
========================================================================
Received Import Request.
  Time since last request: 0.000019 seconds.
  path: Assets/Polytope Studio/Lowpoly_Village/Sources/Textures/PT_Medieval_Buildings_Texture_01.png
  artifactKey: Guid(34892be16c52f1948b4b5666052d6bf5) Importer(2089858483,0ecaa5967403d082aa24f35e1b516d23)
Start importing Assets/Polytope Studio/Lowpoly_Village/Sources/Textures/PT_Medieval_Buildings_Texture_01.png using Guid(34892be16c52f1948b4b5666052d6bf5) Importer(2089858483,0ecaa5967403d082aa24f35e1b516d23) [PhysX] Initialized MultithreadedTaskDispatcher with 4 workers.
 -> (artifact id: '16b3398cd4e1a61a5bea8c403b82b12e') in 0.032386 seconds
Number of updated asset objects reloaded before import = 0
Number of asset objects unloaded after import = 1
========================================================================
Received Import Request.
  Time since last request: 0.000021 seconds.
  path: Assets/Polytope Studio/Lowpoly_Environments/Sources/Meshes/Trees/PT_Fruit_Tree_01_pears.fbx
  artifactKey: Guid(ab5654911e4a8494190af9551d81ea81) Importer(2089858483,0ecaa5967403d082aa24f35e1b516d23)
Start importing Assets/Polytope Studio/Lowpoly_Environments/Sources/Meshes/Trees/PT_Fruit_Tree_01_pears.fbx using Guid(ab5654911e4a8494190af9551d81ea81) Importer(2089858483,0ecaa5967403d082aa24f35e1b516d23) [PhysX] Initialized MultithreadedTaskDispatcher with 4 workers.
 -> (artifact id: '5cab0ce411efb3998cea81d041b297b8') in 0.034215 seconds
Number of updated asset objects reloaded before import = 0
Number of asset objects unloaded after import = 20
========================================================================
Received Import Request.
  Time since last request: 0.000293 seconds.
  path: Assets/Polytope Studio/Lowpoly_Environments/Prefabs/Trees/PT_Pine_Tree_03_logs.prefab
  artifactKey: Guid(244ce2af788c0c346b86cbc0473811b0) Importer(2089858483,0ecaa5967403d082aa24f35e1b516d23)
Start importing Assets/Polytope Studio/Lowpoly_Environments/Prefabs/Trees/PT_Pine_Tree_03_logs.prefab using Guid(244ce2af788c0c346b86cbc0473811b0) Importer(2089858483,0ecaa5967403d082aa24f35e1b516d23) [PhysX] Initialized MultithreadedTaskDispatcher with 4 workers.
 -> (artifact id: '73604980c767d6269c6c6a2c2eba6c2b') in 0.115496 seconds
Number of updated asset objects reloaded before import = 0
Number of asset objects unloaded after import = 7
========================================================================
Received Import Request.
  Time since last request: 0.000023 seconds.
  path: Assets/Script/Enemy.cs
  artifactKey: Guid(4ed9c859988042141998747b68a7dc45) Importer(2089858483,0ecaa5967403d082aa24f35e1b516d23)
Start importing Assets/Script/Enemy.cs using Guid(4ed9c859988042141998747b68a7dc45) Importer(2089858483,0ecaa5967403d082aa24f35e1b516d23) [PhysX] Initialized MultithreadedTaskDispatcher with 4 workers.
 -> (artifact id: '21dabefda4a543c3b14ef081539b4f56') in 0.016568 seconds
Number of updated asset objects reloaded before import = 0
Number of asset objects unloaded after import = 1
========================================================================
Received Import Request.
  Time since last request: 0.000044 seconds.
  path: Assets/Polytope Studio/Lowpoly_Demos/Environment_Free/Helpers/Terrain/New Terrain.asset
  artifactKey: Guid(e0829138c40f356458f259edb063d67a) Importer(2089858483,0ecaa5967403d082aa24f35e1b516d23)
Start importing Assets/Polytope Studio/Lowpoly_Demos/Environment_Free/Helpers/Terrain/New Terrain.asset using Guid(e0829138c40f356458f259edb063d67a) Importer(2089858483,0ecaa5967403d082aa24f35e1b516d23) [PhysX] Initialized MultithreadedTaskDispatcher with 4 workers.
The tree PT_Pine_Tree_03_stump must use the Nature/Soft Occlusion shader. Otherwise billboarding/lighting will not work correctly.
UnityEngine.StackTraceUtility:ExtractStackTrace ()
UnityEditor.Search.AssetIndexer:IndexProperties (int&,string&,bool&)
UnityEditor.Search.AssetIndexer:IndexDocument (string,bool)
UnityEditor.Search.SearchIndexEntryImporter:OnImportAsset (UnityEditor.AssetImporters.AssetImportContext)
UnityEditor.AssetImporters.ScriptedImporter:GenerateAssetData (UnityEditor.AssetImporters.AssetImportContext)

[C:\build\output\unity\unity\Modules\Terrain\Public\TreeDatabase.cpp line 337]

The tree PT_Fruit_Tree_01_logs must use the Nature/Soft Occlusion shader. Otherwise billboarding/lighting will not work correctly.
UnityEngine.StackTraceUtility:ExtractStackTrace ()
UnityEditor.Search.AssetIndexer:IndexProperties (int&,string&,bool&)
UnityEditor.Search.AssetIndexer:IndexDocument (string,bool)
UnityEditor.Search.SearchIndexEntryImporter:OnImportAsset (UnityEditor.AssetImporters.AssetImportContext)
UnityEditor.AssetImporters.ScriptedImporter:GenerateAssetData (UnityEditor.AssetImporters.AssetImportContext)

[C:\build\output\unity\unity\Modules\Terrain\Public\TreeDatabase.cpp line 337]

 -> (artifact id: '65aff69d3334a93ad8649881e18fa191') in 0.125050 seconds
Number of updated asset objects reloaded before import = 0
Number of asset objects unloaded after import = 309
========================================================================
Received Import Request.
  Time since last request: 0.000033 seconds.
  path: Assets/Polytope Studio/Lowpoly_Environments/Sources/Meshes/Trees/PT_Fruit_Tree_01_apples.fbx
  artifactKey: Guid(fb0559a36ae9650449b6e3c26d5076a5) Importer(2089858483,0ecaa5967403d082aa24f35e1b516d23)
Start importing Assets/Polytope Studio/Lowpoly_Environments/Sources/Meshes/Trees/PT_Fruit_Tree_01_apples.fbx using Guid(fb0559a36ae9650449b6e3c26d5076a5) Importer(2089858483,0ecaa5967403d082aa24f35e1b516d23) [PhysX] Initialized MultithreadedTaskDispatcher with 4 workers.
 -> (artifact id: 'd0abcf6580305d6dcd4e98e655b648e3') in 0.040213 seconds
Number of updated asset objects reloaded before import = 0
Number of asset objects unloaded after import = 20
========================================================================
Received Import Request.
  Time since last request: 0.000025 seconds.
  path: Assets/Polytope Studio/Lowpoly_Environments/Sources/Shaders/PT_Vegetation_Opaque_Shader.shader
  artifactKey: Guid(270965b004462ae41bd125bc783c0fa6) Importer(2089858483,0ecaa5967403d082aa24f35e1b516d23)
Start importing Assets/Polytope Studio/Lowpoly_Environments/Sources/Shaders/PT_Vegetation_Opaque_Shader.shader using Guid(270965b004462ae41bd125bc783c0fa6) Importer(2089858483,0ecaa5967403d082aa24f35e1b516d23) [PhysX] Initialized MultithreadedTaskDispatcher with 4 workers.
 -> (artifact id: '93f2d3354f7220f6d10465f8569966fa') in 0.034748 seconds
Number of updated asset objects reloaded before import = 0
Number of asset objects unloaded after import = 1
========================================================================
Received Import Request.
  Time since last request: 0.000036 seconds.
  path: Assets/Script/ItemCatalog.cs
  artifactKey: Guid(8b34ab8dadd907340a16beb90cd37a38) Importer(2089858483,0ecaa5967403d082aa24f35e1b516d23)
Start importing Assets/Script/ItemCatalog.cs using Guid(8b34ab8dadd907340a16beb90cd37a38) Importer(2089858483,0ecaa5967403d082aa24f35e1b516d23) [PhysX] Initialized MultithreadedTaskDispatcher with 4 workers.
 -> (artifact id: '66c546a268338b0e3f485bf29cc71987') in 0.015640 seconds
Number of updated asset objects reloaded before import = 0
Number of asset objects unloaded after import = 1
========================================================================
Received Import Request.
  Time since last request: 0.000028 seconds.
  path: Assets/Script/DamageHandler.cs
  artifactKey: Guid(fd7f02b306fe28a4582f075ae0de5a57) Importer(2089858483,0ecaa5967403d082aa24f35e1b516d23)
Start importing Assets/Script/DamageHandler.cs using Guid(fd7f02b306fe28a4582f075ae0de5a57) Importer(2089858483,0ecaa5967403d082aa24f35e1b516d23) [PhysX] Initialized MultithreadedTaskDispatcher with 4 workers.
 -> (artifact id: '33b899f2274c465babcfca2de9930b87') in 0.017731 seconds
Number of updated asset objects reloaded before import = 0
Number of asset objects unloaded after import = 1
========================================================================
Received Import Request.
  Time since last request: 0.000019 seconds.
  path: Assets/Polytope Studio/Lowpoly_Environments/SRP/PT_Nature_Free_URP_12.1.13.unitypackage
  artifactKey: Guid(fae09cfceda875146a4f9a54fa30589e) Importer(2089858483,0ecaa5967403d082aa24f35e1b516d23)
Start importing Assets/Polytope Studio/Lowpoly_Environments/SRP/PT_Nature_Free_URP_12.1.13.unitypackage using Guid(fae09cfceda875146a4f9a54fa30589e) Importer(2089858483,0ecaa5967403d082aa24f35e1b516d23) [PhysX] Initialized MultithreadedTaskDispatcher with 4 workers.
 -> (artifact id: '0feb731fd715a37a9e4db62d744e2095') in 0.016178 seconds
Number of updated asset objects reloaded before import = 0
Number of asset objects unloaded after import = 1
========================================================================
Received Import Request.
  Time since last request: 0.000019 seconds.
  path: Assets/Polytope Studio/Lowpoly_Demos/Environment_Free/Helpers/PT_Medieval_Village_Fence_02 1.fbx
  artifactKey: Guid(24da44c442496a0458025bfc14737a9d) Importer(2089858483,0ecaa5967403d082aa24f35e1b516d23)
Start importing Assets/Polytope Studio/Lowpoly_Demos/Environment_Free/Helpers/PT_Medieval_Village_Fence_02 1.fbx using Guid(24da44c442496a0458025bfc14737a9d) Importer(2089858483,0ecaa5967403d082aa24f35e1b516d23) [PhysX] Initialized MultithreadedTaskDispatcher with 4 workers.
 -> (artifact id: 'a2b656b29945daeee2f9ae48126d172a') in 0.041702 seconds
Number of updated asset objects reloaded before import = 0
Number of asset objects unloaded after import = 8
========================================================================
Received Import Request.
  Time since last request: 0.000019 seconds.
  path: Assets/Polytope Studio/Lowpoly_Environments/Sources/Textures/PT_Fruit_Tree_Leaves_01.png
  artifactKey: Guid(d2f321fff7f05aa49ad106541e997dd3) Importer(2089858483,0ecaa5967403d082aa24f35e1b516d23)
Start importing Assets/Polytope Studio/Lowpoly_Environments/Sources/Textures/PT_Fruit_Tree_Leaves_01.png using Guid(d2f321fff7f05aa49ad106541e997dd3) Importer(2089858483,0ecaa5967403d082aa24f35e1b516d23) [PhysX] Initialized MultithreadedTaskDispatcher with 4 workers.
 -> (artifact id: 'a987f084726e019565df32bddd3dadc9') in 0.030371 seconds
Number of updated asset objects reloaded before import = 0
Number of asset objects unloaded after import = 1
========================================================================
Received Import Request.
  Time since last request: 0.000026 seconds.
  path: Assets/Polytope Studio/Lowpoly_Environments/Sources/Meshes/Trees/PT_Pine_Tree_03_dead.fbx
  artifactKey: Guid(021e9eaa88033da4c94bcdeddffe6562) Importer(2089858483,0ecaa5967403d082aa24f35e1b516d23)
Start importing Assets/Polytope Studio/Lowpoly_Environments/Sources/Meshes/Trees/PT_Pine_Tree_03_dead.fbx using Guid(021e9eaa88033da4c94bcdeddffe6562) Importer(2089858483,0ecaa5967403d082aa24f35e1b516d23) [PhysX] Initialized MultithreadedTaskDispatcher with 4 workers.
 -> (artifact id: 'f34fdbfd6915b45e192b973bb8166ccd') in 0.031997 seconds
Number of updated asset objects reloaded before import = 0
Number of asset objects unloaded after import = 20
========================================================================
Received Import Request.
  Time since last request: 0.000021 seconds.
  path: Assets/Polytope Studio/Lowpoly_Demos/Environment_Free/Helpers/PT_Medieval_Village_Gate_01 1.prefab
  artifactKey: Guid(88d70a52e8e9f5346940dc50f77e7cd3) Importer(2089858483,0ecaa5967403d082aa24f35e1b516d23)
Start importing Assets/Polytope Studio/Lowpoly_Demos/Environment_Free/Helpers/PT_Medieval_Village_Gate_01 1.prefab using Guid(88d70a52e8e9f5346940dc50f77e7cd3) Importer(2089858483,0ecaa5967403d082aa24f35e1b516d23) [PhysX] Initialized MultithreadedTaskDispatcher with 4 workers.
 -> (artifact id: '74a0b44f04aedaedb05bd65322cb6035') in 0.027158 seconds
Number of updated asset objects reloaded before import = 0
Number of asset objects unloaded after import = 17
========================================================================
Received Import Request.
  Time since last request: 0.000024 seconds.
  path: Assets/Polytope Studio/Lowpoly_Environments/Sources/Meshes/Shrubs/PT_Generic_Shrub_01_green.fbx
  artifactKey: Guid(cc43ed905f6a9d24a86d3eb531265e85) Importer(2089858483,0ecaa5967403d082aa24f35e1b516d23)
Start importing Assets/Polytope Studio/Lowpoly_Environments/Sources/Meshes/Shrubs/PT_Generic_Shrub_01_green.fbx using Guid(cc43ed905f6a9d24a86d3eb531265e85) Importer(2089858483,0ecaa5967403d082aa24f35e1b516d23) [PhysX] Initialized MultithreadedTaskDispatcher with 4 workers.
 -> (artifact id: '4581ae11c4a30a3bca3c19b34b1c61bc') in 0.038483 seconds
Number of updated asset objects reloaded before import = 0
Number of asset objects unloaded after import = 20
========================================================================
Received Import Request.
  Time since last request: 0.000030 seconds.
  path: Assets/Polytope Studio/Lowpoly_Environments/Sources/Meshes/Trees/PT_Fruit_Tree_01_logs.fbx
  artifactKey: Guid(268a14e7ef45f1542a7d335b0a20d200) Importer(2089858483,0ecaa5967403d082aa24f35e1b516d23)
Start importing Assets/Polytope Studio/Lowpoly_Environments/Sources/Meshes/Trees/PT_Fruit_Tree_01_logs.fbx using Guid(268a14e7ef45f1542a7d335b0a20d200) Importer(2089858483,0ecaa5967403d082aa24f35e1b516d23) [PhysX] Initialized MultithreadedTaskDispatcher with 4 workers.
 -> (artifact id: '957d43e651160adb0998c4e70bdca3d5') in 0.038254 seconds
Number of updated asset objects reloaded before import = 0
Number of asset objects unloaded after import = 7
========================================================================
Received Import Request.
  Time since last request: 0.000033 seconds.
  path: Assets/Polytope Studio/Lowpoly_Environments/Sources/Meshes/Trees/PT_Pine_Tree_03_logs.fbx
  artifactKey: Guid(e9a01d2a3de15954eb2cccf4df7f3d5b) Importer(2089858483,0ecaa5967403d082aa24f35e1b516d23)
Start importing Assets/Polytope Studio/Lowpoly_Environments/Sources/Meshes/Trees/PT_Pine_Tree_03_logs.fbx using Guid(e9a01d2a3de15954eb2cccf4df7f3d5b) Importer(2089858483,0ecaa5967403d082aa24f35e1b516d23) [PhysX] Initialized MultithreadedTaskDispatcher with 4 workers.
 -> (artifact id: '677d03459ef951bd2dde8693b4c6281e') in 0.041598 seconds
Number of updated asset objects reloaded before import = 0
Number of asset objects unloaded after import = 7
========================================================================
Received Import Request.
  Time since last request: 0.000193 seconds.
  path: Assets/Polytope Studio/Lowpoly_Village/Prefabs/Modular/Fence/PT_Modular_Fence_Wood_02.prefab
  artifactKey: Guid(ae358aa425fe140409d8a560f4492730) Importer(2089858483,0ecaa5967403d082aa24f35e1b516d23)
Start importing Assets/Polytope Studio/Lowpoly_Village/Prefabs/Modular/Fence/PT_Modular_Fence_Wood_02.prefab using Guid(ae358aa425fe140409d8a560f4492730) Importer(2089858483,0ecaa5967403d082aa24f35e1b516d23) [PhysX] Initialized MultithreadedTaskDispatcher with 4 workers.
 -> (artifact id: '949b7d867e16fd40e606a465bf7d284f') in 0.211360 seconds
Number of updated asset objects reloaded before import = 0
Number of asset objects unloaded after import = 8
========================================================================
Received Import Request.
  Time since last request: 0.000288 seconds.
  path: Assets/Polytope Studio/Lowpoly_Village/Prefabs/Modular/Fence/PT_Modular_Fence_Wood_01.prefab
  artifactKey: Guid(21a364ddeffc797439f2a5721660b0e6) Importer(2089858483,0ecaa5967403d082aa24f35e1b516d23)
Start importing Assets/Polytope Studio/Lowpoly_Village/Prefabs/Modular/Fence/PT_Modular_Fence_Wood_01.prefab using Guid(21a364ddeffc797439f2a5721660b0e6) Importer(2089858483,0ecaa5967403d082aa24f35e1b516d23) [PhysX] Initialized MultithreadedTaskDispatcher with 4 workers.
 -> (artifact id: '6a2a8468babc1132f434f643b24a60a8') in 0.040630 seconds
Number of updated asset objects reloaded before import = 0
Number of asset objects unloaded after import = 8
========================================================================
Received Import Request.
  Time since last request: 0.000030 seconds.
  path: Assets/Polytope Studio/Lowpoly_Environments/Sources/Meshes/Trees/PT_Fruit_Tree_01_dead_cut.fbx
  artifactKey: Guid(ddcbcdd7a43212c4d86fe33f77dac074) Importer(2089858483,0ecaa5967403d082aa24f35e1b516d23)
Start importing Assets/Polytope Studio/Lowpoly_Environments/Sources/Meshes/Trees/PT_Fruit_Tree_01_dead_cut.fbx using Guid(ddcbcdd7a43212c4d86fe33f77dac074) Importer(2089858483,0ecaa5967403d082aa24f35e1b516d23) [PhysX] Initialized MultithreadedTaskDispatcher with 4 workers.
 -> (artifact id: 'f385ef893816b8e8f2f8637139ba741e') in 0.037912 seconds
Number of updated asset objects reloaded before import = 0
Number of asset objects unloaded after import = 7
========================================================================
Received Import Request.
  Time since last request: 0.000023 seconds.
  path: Assets/Polytope Studio/Lowpoly_Environments/Sources/Meshes/Trees/PT_Pine_Tree_03_dead_cut.fbx
  artifactKey: Guid(3b8d3c0077d69eb4db5ee5754518f067) Importer(2089858483,0ecaa5967403d082aa24f35e1b516d23)
Start importing Assets/Polytope Studio/Lowpoly_Environments/Sources/Meshes/Trees/PT_Pine_Tree_03_dead_cut.fbx using Guid(3b8d3c0077d69eb4db5ee5754518f067) Importer(2089858483,0ecaa5967403d082aa24f35e1b516d23) [PhysX] Initialized MultithreadedTaskDispatcher with 4 workers.
 -> (artifact id: '0b5eb6e1e25d094ac34cdcea7d1969b5') in 0.027306 seconds
Number of updated asset objects reloaded before import = 0
Number of asset objects unloaded after import = 7
========================================================================
Received Import Request.
  Time since last request: 0.000018 seconds.
  path: Assets/Polytope Studio/Lowpoly_Environments/Sources/Meshes/Trees/PT_Fruit_Tree_01_plums.fbx
  artifactKey: Guid(0ef9f3b550a8ffd40ab0be1ae6034fe1) Importer(2089858483,0ecaa5967403d082aa24f35e1b516d23)
Start importing Assets/Polytope Studio/Lowpoly_Environments/Sources/Meshes/Trees/PT_Fruit_Tree_01_plums.fbx using Guid(0ef9f3b550a8ffd40ab0be1ae6034fe1) Importer(2089858483,0ecaa5967403d082aa24f35e1b516d23) [PhysX] Initialized MultithreadedTaskDispatcher with 4 workers.
 -> (artifact id: '310571c8828ca3277966c50dee8e6691') in 0.031742 seconds
Number of updated asset objects reloaded before import = 0
Number of asset objects unloaded after import = 20
========================================================================
Received Import Request.
  Time since last request: 0.000025 seconds.
  path: Assets/Polytope Studio/Lowpoly_Environments/Sources/Textures/PT_Grass_High_03.png
  artifactKey: Guid(4d7ad2aaddf58dc4e8dc116239a8d744) Importer(2089858483,0ecaa5967403d082aa24f35e1b516d23)
Start importing Assets/Polytope Studio/Lowpoly_Environments/Sources/Textures/PT_Grass_High_03.png using Guid(4d7ad2aaddf58dc4e8dc116239a8d744) Importer(2089858483,0ecaa5967403d082aa24f35e1b516d23) [PhysX] Initialized MultithreadedTaskDispatcher with 4 workers.
 -> (artifact id: '1a037f70b27a1b2e72b2bbeb67ddc303') in 0.044455 seconds
Number of updated asset objects reloaded before import = 0
Number of asset objects unloaded after import = 1
========================================================================
Received Import Request.
  Time since last request: 0.000029 seconds.
  path: Assets/Polytope Studio/Lowpoly_Village/Sources/Textures/PT_Medieval_Buildings_Texture_01mask2.png
  artifactKey: Guid(da4b5e2c1255f2e40bad4bd005f99f2c) Importer(2089858483,0ecaa5967403d082aa24f35e1b516d23)
Start importing Assets/Polytope Studio/Lowpoly_Village/Sources/Textures/PT_Medieval_Buildings_Texture_01mask2.png using Guid(da4b5e2c1255f2e40bad4bd005f99f2c) Importer(2089858483,0ecaa5967403d082aa24f35e1b516d23) [PhysX] Initialized MultithreadedTaskDispatcher with 4 workers.
 -> (artifact id: '12e3af1058284ab4df184134ca81e9ca') in 0.035022 seconds
Number of updated asset objects reloaded before import = 0
Number of asset objects unloaded after import = 1
========================================================================
Received Import Request.
  Time since last request: 0.000022 seconds.
  path: Assets/Polytope Studio/Lowpoly_Village/Prefabs/Modular/Fence/PT_Modular_Gate_Wood_01.prefab
  artifactKey: Guid(5db93e6325024c749aa2663b9998053d) Importer(2089858483,0ecaa5967403d082aa24f35e1b516d23)
Start importing Assets/Polytope Studio/Lowpoly_Village/Prefabs/Modular/Fence/PT_Modular_Gate_Wood_01.prefab using Guid(5db93e6325024c749aa2663b9998053d) Importer(2089858483,0ecaa5967403d082aa24f35e1b516d23) [PhysX] Initialized MultithreadedTaskDispatcher with 4 workers.
 -> (artifact id: '70636f60bc4cb58f00439147f39243fb') in 0.025827 seconds
Number of updated asset objects reloaded before import = 0
Number of asset objects unloaded after import = 22
========================================================================
Received Import Request.
  Time since last request: 0.000031 seconds.
  path: Assets/Polytope Studio/Lowpoly_Environments/Sources/Meshes/Mushrooms/PT_Caesars_Mushroom_01.fbx
  artifactKey: Guid(2ec966d90911a454c9760fa28789a4f8) Importer(2089858483,0ecaa5967403d082aa24f35e1b516d23)
Start importing Assets/Polytope Studio/Lowpoly_Environments/Sources/Meshes/Mushrooms/PT_Caesars_Mushroom_01.fbx using Guid(2ec966d90911a454c9760fa28789a4f8) Importer(2089858483,0ecaa5967403d082aa24f35e1b516d23) [PhysX] Initialized MultithreadedTaskDispatcher with 4 workers.
 -> (artifact id: 'ec63c6b67c97811c9dcc9967fd608863') in 0.025213 seconds
Number of updated asset objects reloaded before import = 0
Number of asset objects unloaded after import = 7
========================================================================
Received Import Request.
  Time since last request: 0.000018 seconds.
  path: Assets/Little_GhostLP(FREE)/Prefabs/LittleGhost_LP (2).prefab
  artifactKey: Guid(36621476210b2c649b8aeea96b7c2587) Importer(2089858483,0ecaa5967403d082aa24f35e1b516d23)
Start importing Assets/Little_GhostLP(FREE)/Prefabs/LittleGhost_LP (2).prefab using Guid(36621476210b2c649b8aeea96b7c2587) Importer(2089858483,0ecaa5967403d082aa24f35e1b516d23) [PhysX] Initialized MultithreadedTaskDispatcher with 4 workers.
 -> (artifact id: 'd79b4e3a9b8cdec7f58d7f78cfa42374') in 0.029719 seconds
Number of updated asset objects reloaded before import = 0
Number of asset objects unloaded after import = 53
========================================================================
Received Import Request.
  Time since last request: 0.000018 seconds.
  path: Assets/Polytope Studio/Lowpoly_Environments/Sources/Materials/PT_Pine_Tree_Trunk_Mat.mat
  artifactKey: Guid(f43a7dc4f39c5654a8211b83259e32a9) Importer(2089858483,0ecaa5967403d082aa24f35e1b516d23)
Start importing Assets/Polytope Studio/Lowpoly_Environments/Sources/Materials/PT_Pine_Tree_Trunk_Mat.mat using Guid(f43a7dc4f39c5654a8211b83259e32a9) Importer(2089858483,0ecaa5967403d082aa24f35e1b516d23) [PhysX] Initialized MultithreadedTaskDispatcher with 4 workers.
 -> (artifact id: '75a702cd4ca58ad741a915bd117a94c8') in 0.021199 seconds
Number of updated asset objects reloaded before import = 0
Number of asset objects unloaded after import = 2
========================================================================
Received Import Request.
  Time since last request: 0.000029 seconds.
  path: Assets/Polytope Studio/Lowpoly_Demos/Environment_Free/Helpers/PT_Fruit_Tree_01_green.prefab
  artifactKey: Guid(62f6191494f161340b448c5f6a7f56d8) Importer(2089858483,0ecaa5967403d082aa24f35e1b516d23)
Start importing Assets/Polytope Studio/Lowpoly_Demos/Environment_Free/Helpers/PT_Fruit_Tree_01_green.prefab using Guid(62f6191494f161340b448c5f6a7f56d8) Importer(2089858483,0ecaa5967403d082aa24f35e1b516d23) [PhysX] Initialized MultithreadedTaskDispatcher with 4 workers.
 -> (artifact id: 'b162c62196755abcca9b820e7c7128a6') in 0.028140 seconds
Number of updated asset objects reloaded before import = 0
Number of asset objects unloaded after import = 20
========================================================================
Received Import Request.
  Time since last request: 0.000020 seconds.
  path: Assets/Polytope Studio/Lowpoly_Environments/Sources/Textures/PT_Pine_Tree_01.png
  artifactKey: Guid(47c82777887e3fc46bc141849b1b3ccb) Importer(2089858483,0ecaa5967403d082aa24f35e1b516d23)
Start importing Assets/Polytope Studio/Lowpoly_Environments/Sources/Textures/PT_Pine_Tree_01.png using Guid(47c82777887e3fc46bc141849b1b3ccb) Importer(2089858483,0ecaa5967403d082aa24f35e1b516d23) [PhysX] Initialized MultithreadedTaskDispatcher with 4 workers.
 -> (artifact id: '05f21fd4e53f903d538c96b88f60c0e8') in 0.046647 seconds
Number of updated asset objects reloaded before import = 0
Number of asset objects unloaded after import = 1
========================================================================
Received Import Request.
  Time since last request: 0.000024 seconds.
  path: Assets/Little_GhostLP(FREE)/Texture/Ghost Kid/Ghost Kid Blooded1.png
  artifactKey: Guid(362e38ff592561145b66565074f73fd0) Importer(2089858483,0ecaa5967403d082aa24f35e1b516d23)
Start importing Assets/Little_GhostLP(FREE)/Texture/Ghost Kid/Ghost Kid Blooded1.png using Guid(362e38ff592561145b66565074f73fd0) Importer(2089858483,0ecaa5967403d082aa24f35e1b516d23) [PhysX] Initialized MultithreadedTaskDispatcher with 4 workers.
 -> (artifact id: 'de4c0f6e51567602f4879ade5440773c') in 0.066360 seconds
Number of updated asset objects reloaded before import = 0
Number of asset objects unloaded after import = 1
========================================================================
Received Import Request.
  Time since last request: 0.000032 seconds.
  path: Assets/Polytope Studio/Lowpoly_Environments/Sources/Textures/PT_Tree_Trunk_01.png
  artifactKey: Guid(5733ec0c27e7c9d41a230d27ca7b85d4) Importer(2089858483,0ecaa5967403d082aa24f35e1b516d23)
Start importing Assets/Polytope Studio/Lowpoly_Environments/Sources/Textures/PT_Tree_Trunk_01.png using Guid(5733ec0c27e7c9d41a230d27ca7b85d4) Importer(2089858483,0ecaa5967403d082aa24f35e1b516d23) [PhysX] Initialized MultithreadedTaskDispatcher with 4 workers.
 -> (artifact id: 'f74ddf0f305fbd61f868de74fc4a3fd4') in 0.036547 seconds
Number of updated asset objects reloaded before import = 0
Number of asset objects unloaded after import = 1
========================================================================
Received Import Request.
  Time since last request: 0.000041 seconds.
  path: Assets/Little_GhostLP(FREE)/Material/Hat/Hat 2.mat
  artifactKey: Guid(acf07b3a58dc591409dbe168233c2e0c) Importer(2089858483,0ecaa5967403d082aa24f35e1b516d23)
Start importing Assets/Little_GhostLP(FREE)/Material/Hat/Hat 2.mat using Guid(acf07b3a58dc591409dbe168233c2e0c) Importer(2089858483,0ecaa5967403d082aa24f35e1b516d23) [PhysX] Initialized MultithreadedTaskDispatcher with 4 workers.
 -> (artifact id: '7fe8b990694e5da654e87968048a1f60') in 0.028554 seconds
Number of updated asset objects reloaded before import = 0
Number of asset objects unloaded after import = 2
========================================================================
Received Import Request.
  Time since last request: 0.000072 seconds.
  path: Assets/Polytope Studio/Lowpoly_Environments/Sources/Shaders/PT_Vegetation_Foliage_Shader.shader
  artifactKey: Guid(77e1a76a38ecd5a46a270afb12894dd5) Importer(2089858483,0ecaa5967403d082aa24f35e1b516d23)
Start importing Assets/Polytope Studio/Lowpoly_Environments/Sources/Shaders/PT_Vegetation_Foliage_Shader.shader using Guid(77e1a76a38ecd5a46a270afb12894dd5) Importer(2089858483,0ecaa5967403d082aa24f35e1b516d23) [PhysX] Initialized MultithreadedTaskDispatcher with 4 workers.
 -> (artifact id: '4cb80fe38e15665b76776951ad4b26cb') in 0.030623 seconds
Number of updated asset objects reloaded before import = 0
Number of asset objects unloaded after import = 1
========================================================================
Received Import Request.
  Time since last request: 0.000022 seconds.
  path: Assets/Polytope Studio/Lowpoly_Environments/Sources/Materials/PT_Generic_Tree_Trunk_mat.mat
  artifactKey: Guid(e6ce4253a748b0849a04b87f33cc539d) Importer(2089858483,0ecaa5967403d082aa24f35e1b516d23)
Start importing Assets/Polytope Studio/Lowpoly_Environments/Sources/Materials/PT_Generic_Tree_Trunk_mat.mat using Guid(e6ce4253a748b0849a04b87f33cc539d) Importer(2089858483,0ecaa5967403d082aa24f35e1b516d23) [PhysX] Initialized MultithreadedTaskDispatcher with 4 workers.
 -> (artifact id: '9c1c9a36b17dab2f324f820502b6cd1e') in 0.018129 seconds
Number of updated asset objects reloaded before import = 0
Number of asset objects unloaded after import = 2
========================================================================
Received Import Request.
  Time since last request: 0.000019 seconds.
  path: Assets/Polytope Studio/Lowpoly_Environments/Prefabs/Trees/PT_Fruit_Tree_01_dead.prefab
  artifactKey: Guid(c6a512d95615f534cbe31aba1aaa354c) Importer(2089858483,0ecaa5967403d082aa24f35e1b516d23)
Start importing Assets/Polytope Studio/Lowpoly_Environments/Prefabs/Trees/PT_Fruit_Tree_01_dead.prefab using Guid(c6a512d95615f534cbe31aba1aaa354c) Importer(2089858483,0ecaa5967403d082aa24f35e1b516d23) [PhysX] Initialized MultithreadedTaskDispatcher with 4 workers.
 -> (artifact id: '055c65bbfac963987e80ae1d82d9267f') in 0.016642 seconds
Number of updated asset objects reloaded before import = 0
Number of asset objects unloaded after import = 20
========================================================================
Received Import Request.
  Time since last request: 0.000027 seconds.
  path: Assets/Polytope Studio/Lowpoly_Village/Sources/Meshes/Modular/Fence/PT_Modular_Fence_Wood_03.fbx
  artifactKey: Guid(955f7ab7f12013b42b2aa2e494846f3a) Importer(2089858483,0ecaa5967403d082aa24f35e1b516d23)
Start importing Assets/Polytope Studio/Lowpoly_Village/Sources/Meshes/Modular/Fence/PT_Modular_Fence_Wood_03.fbx using Guid(955f7ab7f12013b42b2aa2e494846f3a) Importer(2089858483,0ecaa5967403d082aa24f35e1b516d23) [PhysX] Initialized MultithreadedTaskDispatcher with 4 workers.
 -> (artifact id: 'd8ad89e1fcecd3fd0bfb1311a3645eb3') in 0.030634 seconds
Number of updated asset objects reloaded before import = 0
Number of asset objects unloaded after import = 8
========================================================================
Received Import Request.
  Time since last request: 0.000018 seconds.
  path: Assets/Polytope Studio/Lowpoly_Environments/Prefabs/Trees/PT_Pine_Tree_03_green.prefab
  artifactKey: Guid(d250af4848f51154f9a2bf6a85b60ac2) Importer(2089858483,0ecaa5967403d082aa24f35e1b516d23)
Start importing Assets/Polytope Studio/Lowpoly_Environments/Prefabs/Trees/PT_Pine_Tree_03_green.prefab using Guid(d250af4848f51154f9a2bf6a85b60ac2) Importer(2089858483,0ecaa5967403d082aa24f35e1b516d23) [PhysX] Initialized MultithreadedTaskDispatcher with 4 workers.
 -> (artifact id: 'e90dae369b700955e6ebbb6465599619') in 0.019904 seconds
Number of updated asset objects reloaded before import = 0
Number of asset objects unloaded after import = 20
========================================================================
Received Import Request.
  Time since last request: 0.000022 seconds.
  path: Assets/Polytope Studio/Lowpoly_Environments/Prefabs/Trees/PT_Fruit_Tree_01_dead_cut.prefab
  artifactKey: Guid(66d0615cc71cd48408b75ff3f99c97af) Importer(2089858483,0ecaa5967403d082aa24f35e1b516d23)
Start importing Assets/Polytope Studio/Lowpoly_Environments/Prefabs/Trees/PT_Fruit_Tree_01_dead_cut.prefab using Guid(66d0615cc71cd48408b75ff3f99c97af) Importer(2089858483,0ecaa5967403d082aa24f35e1b516d23) [PhysX] Initialized MultithreadedTaskDispatcher with 4 workers.
 -> (artifact id: 'a95124bb846a62b2e7eb3ce4bc97e042') in 0.027208 seconds
Number of updated asset objects reloaded before import = 0
Number of asset objects unloaded after import = 7
========================================================================
Received Import Request.
  Time since last request: 0.000020 seconds.
  path: Assets/Polytope Studio/Lowpoly_Environments/Prefabs/Trees/PT_Fruit_Tree_01_plums.prefab
  artifactKey: Guid(367ab66e2689a8345a8fb8fd14a4f90c) Importer(2089858483,0ecaa5967403d082aa24f35e1b516d23)
Start importing Assets/Polytope Studio/Lowpoly_Environments/Prefabs/Trees/PT_Fruit_Tree_01_plums.prefab using Guid(367ab66e2689a8345a8fb8fd14a4f90c) Importer(2089858483,0ecaa5967403d082aa24f35e1b516d23) [PhysX] Initialized MultithreadedTaskDispatcher with 4 workers.
 -> (artifact id: '4bbae0cbc2b682d28622644ab8ecaa23') in 0.016644 seconds
Number of updated asset objects reloaded before import = 0
Number of asset objects unloaded after import = 20
========================================================================
Received Import Request.
  Time since last request: 0.000019 seconds.
  path: Assets/Polytope Studio/Lowpoly_Environments/Sources/Meshes/Plants/PT_Grass_02.fbx
  artifactKey: Guid(8c71f03fcb0c13644a30696cafc5cda8) Importer(2089858483,0ecaa5967403d082aa24f35e1b516d23)
Start importing Assets/Polytope Studio/Lowpoly_Environments/Sources/Meshes/Plants/PT_Grass_02.fbx using Guid(8c71f03fcb0c13644a30696cafc5cda8) Importer(2089858483,0ecaa5967403d082aa24f35e1b516d23) [PhysX] Initialized MultithreadedTaskDispatcher with 4 workers.
 -> (artifact id: '6cc7fd97b9e610b8bcaf18a6dd6179b1') in 0.030086 seconds
Number of updated asset objects reloaded before import = 0
Number of asset objects unloaded after import = 20
========================================================================
Received Import Request.
  Time since last request: 0.000024 seconds.
  path: Assets/Polytope Studio/Lowpoly_Demos/Environment_Free/Helpers/PT_Medieval_Village_Fence_03 1.fbx
  artifactKey: Guid(2afa802f2736adc40b60fe79d7bbb76a) Importer(2089858483,0ecaa5967403d082aa24f35e1b516d23)
Start importing Assets/Polytope Studio/Lowpoly_Demos/Environment_Free/Helpers/PT_Medieval_Village_Fence_03 1.fbx using Guid(2afa802f2736adc40b60fe79d7bbb76a) Importer(2089858483,0ecaa5967403d082aa24f35e1b516d23) [PhysX] Initialized MultithreadedTaskDispatcher with 4 workers.
 -> (artifact id: '8f8d1750b969f5ed237fbb28414c6409') in 0.037294 seconds
Number of updated asset objects reloaded before import = 0
Number of asset objects unloaded after import = 8
========================================================================
Received Import Request.
  Time since last request: 0.000031 seconds.
  path: Assets/Polytope Studio/Lowpoly_Environments/Sources/Textures/PT_Water_NM_01.png
  artifactKey: Guid(a78adb8868cccbe4a92d9d81db916e6e) Importer(2089858483,0ecaa5967403d082aa24f35e1b516d23)
Start importing Assets/Polytope Studio/Lowpoly_Environments/Sources/Textures/PT_Water_NM_01.png using Guid(a78adb8868cccbe4a92d9d81db916e6e) Importer(2089858483,0ecaa5967403d082aa24f35e1b516d23) [PhysX] Initialized MultithreadedTaskDispatcher with 4 workers.
 -> (artifact id: '600cc47929c15c1299ae909448035986') in 0.032444 seconds
Number of updated asset objects reloaded before import = 0
Number of asset objects unloaded after import = 1
========================================================================
Received Import Request.
  Time since last request: 0.000021 seconds.
  path: Assets/Little_GhostLP(FREE)/Texture/Ghost Kid/New Skins/S1/Kid Ghost_blinn1_BaseColor.png
  artifactKey: Guid(1461a2e18f7bfc647a474a0524a83180) Importer(2089858483,0ecaa5967403d082aa24f35e1b516d23)
Start importing Assets/Little_GhostLP(FREE)/Texture/Ghost Kid/New Skins/S1/Kid Ghost_blinn1_BaseColor.png using Guid(1461a2e18f7bfc647a474a0524a83180) Importer(2089858483,0ecaa5967403d082aa24f35e1b516d23) [PhysX] Initialized MultithreadedTaskDispatcher with 4 workers.
 -> (artifact id: '68bbc2955dcee4aa4d63c45e3ece7640') in 0.027546 seconds
Number of updated asset objects reloaded before import = 0
Number of asset objects unloaded after import = 1
========================================================================
Received Import Request.
  Time since last request: 0.000019 seconds.
  path: Assets/Polytope Studio/Lowpoly_Environments/Sources/Materials/PT_Water_mat.mat
  artifactKey: Guid(3e36df56c6fa5f64085c14d9d4f6f8d9) Importer(2089858483,0ecaa5967403d082aa24f35e1b516d23)
Start importing Assets/Polytope Studio/Lowpoly_Environments/Sources/Materials/PT_Water_mat.mat using Guid(3e36df56c6fa5f64085c14d9d4f6f8d9) Importer(2089858483,0ecaa5967403d082aa24f35e1b516d23) [PhysX] Initialized MultithreadedTaskDispatcher with 4 workers.
 -> (artifact id: 'd9995f844d4165101fd48af9b56a7e2a') in 0.029172 seconds
Number of updated asset objects reloaded before import = 0
Number of asset objects unloaded after import = 2
========================================================================
Received Import Request.
  Time since last request: 0.000021 seconds.
  path: Assets/Polytope Studio/Lowpoly_Environments/Prefabs/Rocks/PT_River_Rock_Pile_02.prefab
  artifactKey: Guid(bee651b89d6b3ef48b19cfe8a4c9fa42) Importer(2089858483,0ecaa5967403d082aa24f35e1b516d23)
Start importing Assets/Polytope Studio/Lowpoly_Environments/Prefabs/Rocks/PT_River_Rock_Pile_02.prefab using Guid(bee651b89d6b3ef48b19cfe8a4c9fa42) Importer(2089858483,0ecaa5967403d082aa24f35e1b516d23) [PhysX] Initialized MultithreadedTaskDispatcher with 4 workers.
 -> (artifact id: '72c3ba47f17fe0bb079ee44ad0a1fe0b') in 0.017943 seconds
Number of updated asset objects reloaded before import = 0
Number of asset objects unloaded after import = 20
========================================================================
Received Import Request.
  Time since last request: 0.000021 seconds.
  path: Assets/Data/TowerLevels.json
  artifactKey: Guid(73f33fc8782cf5645817e4a525e408f3) Importer(2089858483,0ecaa5967403d082aa24f35e1b516d23)
Start importing Assets/Data/TowerLevels.json using Guid(73f33fc8782cf5645817e4a525e408f3) Importer(2089858483,0ecaa5967403d082aa24f35e1b516d23) [PhysX] Initialized MultithreadedTaskDispatcher with 4 workers.
 -> (artifact id: 'e68cf0a0745ebac4e66787bcf9917ed4') in 0.019856 seconds
Number of updated asset objects reloaded before import = 0
Number of asset objects unloaded after import = 1
========================================================================
Received Import Request.
  Time since last request: 0.000020 seconds.
  path: Assets/Little_GhostLP(FREE)/FBX/LittleGhost_LP.fbx
  artifactKey: Guid(4052bafe63c4eef489221dc973080238) Importer(2089858483,0ecaa5967403d082aa24f35e1b516d23)
Start importing Assets/Little_GhostLP(FREE)/FBX/LittleGhost_LP.fbx using Guid(4052bafe63c4eef489221dc973080238) Importer(2089858483,0ecaa5967403d082aa24f35e1b516d23) [PhysX] Initialized MultithreadedTaskDispatcher with 4 workers.
 -> (artifact id: '93eb1de83868115a3989bf0d6f1d153e') in 0.051418 seconds
Number of updated asset objects reloaded before import = 0
Number of asset objects unloaded after import = 53
========================================================================
Received Import Request.
  Time since last request: 0.000025 seconds.
  path: Assets/Polytope Studio/Lowpoly_Demos/Environment_Free/Helpers/PlayerMovement.cs
  artifactKey: Guid(8f5721f45a4372242a249d3bb70958a8) Importer(2089858483,0ecaa5967403d082aa24f35e1b516d23)
Start importing Assets/Polytope Studio/Lowpoly_Demos/Environment_Free/Helpers/PlayerMovement.cs using Guid(8f5721f45a4372242a249d3bb70958a8) Importer(2089858483,0ecaa5967403d082aa24f35e1b516d23) [PhysX] Initialized MultithreadedTaskDispatcher with 4 workers.
 -> (artifact id: 'ee990b5f82e607da7174c4b74cabb1c4') in 0.014855 seconds
Number of updated asset objects reloaded before import = 0
Number of asset objects unloaded after import = 1
========================================================================
Received Import Request.
  Time since last request: 0.000021 seconds.
  path: Assets/Polytope Studio/Lowpoly_Environments/Sources/Shaders/PT_Water_Shader.shader
  artifactKey: Guid(39cf68574afc7f248bd78a99c3800e00) Importer(2089858483,0ecaa5967403d082aa24f35e1b516d23)
Start importing Assets/Polytope Studio/Lowpoly_Environments/Sources/Shaders/PT_Water_Shader.shader using Guid(39cf68574afc7f248bd78a99c3800e00) Importer(2089858483,0ecaa5967403d082aa24f35e1b516d23) [PhysX] Initialized MultithreadedTaskDispatcher with 4 workers.
 -> (artifact id: 'd47374ccc50f727141f148184a386f7e') in 0.023209 seconds
Number of updated asset objects reloaded before import = 0
Number of asset objects unloaded after import = 1
========================================================================
Received Import Request.
  Time since last request: 0.000034 seconds.
  path: Assets/Script/FloorData.cs
  artifactKey: Guid(655a099d85a285048b4c1e8f8ff967a4) Importer(2089858483,0ecaa5967403d082aa24f35e1b516d23)
Start importing Assets/Script/FloorData.cs using Guid(655a099d85a285048b4c1e8f8ff967a4) Importer(2089858483,0ecaa5967403d082aa24f35e1b516d23) [PhysX] Initialized MultithreadedTaskDispatcher with 4 workers.
 -> (artifact id: '55b70b2a8591f25101e72baf2afaef72') in 0.017197 seconds
Number of updated asset objects reloaded before import = 0
Number of asset objects unloaded after import = 1
========================================================================
Received Import Request.
  Time since last request: 0.000031 seconds.
  path: Assets/Polytope Studio/Lowpoly_Demos/Environment_Free/Helpers/PT_texture 1.tga
  artifactKey: Guid(f8dc951a23a773e4697cb84a69ae2e5a) Importer(2089858483,0ecaa5967403d082aa24f35e1b516d23)
Start importing Assets/Polytope Studio/Lowpoly_Demos/Environment_Free/Helpers/PT_texture 1.tga using Guid(f8dc951a23a773e4697cb84a69ae2e5a) Importer(2089858483,0ecaa5967403d082aa24f35e1b516d23) [PhysX] Initialized MultithreadedTaskDispatcher with 4 workers.
 -> (artifact id: '7adb53c5675998156280eda415b9c8cf') in 0.030947 seconds
Number of updated asset objects reloaded before import = 0
Number of asset objects unloaded after import = 1
========================================================================
Received Import Request.
  Time since last request: 0.000026 seconds.
  path: Assets/Polytope Studio/Lowpoly_Environments/Prefabs/Flowers/PT_Poppy_02.prefab
  artifactKey: Guid(f593bc20677ebf14abd27a4853408c68) Importer(2089858483,0ecaa5967403d082aa24f35e1b516d23)
Start importing Assets/Polytope Studio/Lowpoly_Environments/Prefabs/Flowers/PT_Poppy_02.prefab using Guid(f593bc20677ebf14abd27a4853408c68) Importer(2089858483,0ecaa5967403d082aa24f35e1b516d23) [PhysX] Initialized MultithreadedTaskDispatcher with 4 workers.
 -> (artifact id: '818614be6dd89edfacb65ae4ada59a59') in 0.016894 seconds
Number of updated asset objects reloaded before import = 0
Number of asset objects unloaded after import = 20
========================================================================
Received Import Request.
  Time since last request: 0.000024 seconds.
  path: Assets/WebGLTemplates/script.js
  artifactKey: Guid(c0e6dfcc6e124db46a0cbe499a410450) Importer(2089858483,0ecaa5967403d082aa24f35e1b516d23)
Start importing Assets/WebGLTemplates/script.js using Guid(c0e6dfcc6e124db46a0cbe499a410450) Importer(2089858483,0ecaa5967403d082aa24f35e1b516d23) [PhysX] Initialized MultithreadedTaskDispatcher with 4 workers.
 -> (artifact id: '8d077225c61d8c52ba1ee8c25776b576') in 0.012400 seconds
Number of updated asset objects reloaded before import = 0
Number of asset objects unloaded after import = 1
========================================================================
Received Import Request.
  Time since last request: 0.000026 seconds.
  path: Assets/Little_GhostLP(FREE)/Scenes/Demo.unity
  artifactKey: Guid(220dfe378d012f04990d10d08919dfd4) Importer(2089858483,0ecaa5967403d082aa24f35e1b516d23)
Start importing Assets/Little_GhostLP(FREE)/Scenes/Demo.unity using Guid(220dfe378d012f04990d10d08919dfd4) Importer(2089858483,0ecaa5967403d082aa24f35e1b516d23) [PhysX] Initialized MultithreadedTaskDispatcher with 4 workers.
 -> (artifact id: 'be6c81cd4f61d62aa94220bf7f481eb9') in 0.018967 seconds
Number of updated asset objects reloaded before import = 0
Number of asset objects unloaded after import = 1
========================================================================
Received Import Request.
  Time since last request: 0.000021 seconds.
  path: Assets/Polytope Studio/Lowpoly_Village/Sources/Textures/PT_Medieval_Buildings_Texture_Mask_01.png
  artifactKey: Guid(c91055552562c3941a1c318e8d5bc5c5) Importer(2089858483,0ecaa5967403d082aa24f35e1b516d23)
Start importing Assets/Polytope Studio/Lowpoly_Village/Sources/Textures/PT_Medieval_Buildings_Texture_Mask_01.png using Guid(c91055552562c3941a1c318e8d5bc5c5) Importer(2089858483,0ecaa5967403d082aa24f35e1b516d23) [PhysX] Initialized MultithreadedTaskDispatcher with 4 workers.
 -> (artifact id: 'c7c4121cda990e85515747328a438178') in 0.028469 seconds
Number of updated asset objects reloaded before import = 0
Number of asset objects unloaded after import = 1
========================================================================
Received Import Request.
  Time since last request: 0.000022 seconds.
  path: Assets/Resources/Prefab/HealthBar.prefab
  artifactKey: Guid(4a3a336c0bd5d61459f9989f145e8b3d) Importer(2089858483,0ecaa5967403d082aa24f35e1b516d23)
Start importing Assets/Resources/Prefab/HealthBar.prefab using Guid(4a3a336c0bd5d61459f9989f145e8b3d) Importer(2089858483,0ecaa5967403d082aa24f35e1b516d23) [PhysX] Initialized MultithreadedTaskDispatcher with 4 workers.
 -> (artifact id: '045a22ad65cef77f471d7aa92abec5cf') in 0.015918 seconds
Number of updated asset objects reloaded before import = 0
Number of asset objects unloaded after import = 0
========================================================================
Received Import Request.
  Time since last request: 0.000023 seconds.
  path: Assets/Little_GhostLP(FREE)/Texture/Ghost Kid/New Skins/S2/Kid Ghost_blinn1_BaseColor.png
  artifactKey: Guid(d25a405999b72df47a9d5530491985c4) Importer(2089858483,0ecaa5967403d082aa24f35e1b516d23)
Start importing Assets/Little_GhostLP(FREE)/Texture/Ghost Kid/New Skins/S2/Kid Ghost_blinn1_BaseColor.png using Guid(d25a405999b72df47a9d5530491985c4) Importer(2089858483,0ecaa5967403d082aa24f35e1b516d23) [PhysX] Initialized MultithreadedTaskDispatcher with 4 workers.
 -> (artifact id: '11f78a5c79f3e4ea8c573c46cec100b3') in 0.034207 seconds
Number of updated asset objects reloaded before import = 0
Number of asset objects unloaded after import = 1
========================================================================
Received Import Request.
  Time since last request: 0.000018 seconds.
  path: Assets/Polytope Studio/Lowpoly_Environments/Sources/Textures/PT_Generic_Tree_Leaves_01.png
  artifactKey: Guid(f2ee3ef6a109f0f4b8bfd6f7c1e310f4) Importer(2089858483,0ecaa5967403d082aa24f35e1b516d23)
Start importing Assets/Polytope Studio/Lowpoly_Environments/Sources/Textures/PT_Generic_Tree_Leaves_01.png using Guid(f2ee3ef6a109f0f4b8bfd6f7c1e310f4) Importer(2089858483,0ecaa5967403d082aa24f35e1b516d23) [PhysX] Initialized MultithreadedTaskDispatcher with 4 workers.
 -> (artifact id: '3ca5766f344197632930e61430571b5a') in 0.065363 seconds
Number of updated asset objects reloaded before import = 0
Number of asset objects unloaded after import = 1
========================================================================
Received Import Request.
  Time since last request: 0.000182 seconds.
  path: Assets/Polytope Studio/Lowpoly_Demos/Environment_Free/Helpers/Terrain/TerrainData_c82c1fc5-a7ad-4f88-a7ff-c071a4dae8e5.asset
  artifactKey: Guid(d9f3564d21751d046890366f3fc55400) Importer(2089858483,0ecaa5967403d082aa24f35e1b516d23)
Start importing Assets/Polytope Studio/Lowpoly_Demos/Environment_Free/Helpers/Terrain/TerrainData_c82c1fc5-a7ad-4f88-a7ff-c071a4dae8e5.asset using Guid(d9f3564d21751d046890366f3fc55400) Importer(2089858483,0ecaa5967403d082aa24f35e1b516d23) [PhysX] Initialized MultithreadedTaskDispatcher with 4 workers.
 -> (artifact id: '23a51e5ad9d838b85066f7802976a9ef') in 0.053239 seconds
Number of updated asset objects reloaded before import = 0
Number of asset objects unloaded after import = 23
========================================================================
Received Import Request.
  Time since last request: 0.000034 seconds.
  path: Assets/Polytope Studio/Lowpoly_Environments/Sources/Textures/PT_Mushrooms_01.png
  artifactKey: Guid(9a9ed1d4f54a1ce4a9331c6a1a926976) Importer(2089858483,0ecaa5967403d082aa24f35e1b516d23)
Start importing Assets/Polytope Studio/Lowpoly_Environments/Sources/Textures/PT_Mushrooms_01.png using Guid(9a9ed1d4f54a1ce4a9331c6a1a926976) Importer(2089858483,0ecaa5967403d082aa24f35e1b516d23) [PhysX] Initialized MultithreadedTaskDispatcher with 4 workers.
 -> (artifact id: 'aef01ba56ca6b79da7956f4cb05f7bfa') in 0.038904 seconds
Number of updated asset objects reloaded before import = 0
Number of asset objects unloaded after import = 1
========================================================================
Received Import Request.
  Time since last request: 0.000046 seconds.
  path: Assets/Polytope Studio/Lowpoly_Environments/Sources/Meshes/Flowers/PT_Poppy_02.fbx
  artifactKey: Guid(5c7de3ea78afce6468d2ebe76dd0bf6d) Importer(2089858483,0ecaa5967403d082aa24f35e1b516d23)
Start importing Assets/Polytope Studio/Lowpoly_Environments/Sources/Meshes/Flowers/PT_Poppy_02.fbx using Guid(5c7de3ea78afce6468d2ebe76dd0bf6d) Importer(2089858483,0ecaa5967403d082aa24f35e1b516d23) [PhysX] Initialized MultithreadedTaskDispatcher with 4 workers.
 -> (artifact id: '6ab0c22e657290cca0b9004e9276d7a2') in 0.034042 seconds
Number of updated asset objects reloaded before import = 0
Number of asset objects unloaded after import = 20
========================================================================
Received Import Request.
  Time since last request: 0.000028 seconds.
  path: Assets/Polytope Studio/Lowpoly_Village/Prefabs/Modular/Bridge/PT_Wooden_Bridge_02.prefab
  artifactKey: Guid(46f8d17b9eeef754ebc1008196f84bdd) Importer(2089858483,0ecaa5967403d082aa24f35e1b516d23)
Start importing Assets/Polytope Studio/Lowpoly_Village/Prefabs/Modular/Bridge/PT_Wooden_Bridge_02.prefab using Guid(46f8d17b9eeef754ebc1008196f84bdd) Importer(2089858483,0ecaa5967403d082aa24f35e1b516d23) [PhysX] Initialized MultithreadedTaskDispatcher with 4 workers.
 -> (artifact id: '086aedff9039c27855d8f4e96403a960') in 0.079232 seconds
Number of updated asset objects reloaded before import = 0
Number of asset objects unloaded after import = 17
========================================================================
Received Import Request.
  Time since last request: 0.000023 seconds.
  path: Assets/WebGLTemplates/WebGLHtmlController.cs
  artifactKey: Guid(b41b9e062908e66449dcbaf87d27dfe4) Importer(2089858483,0ecaa5967403d082aa24f35e1b516d23)
Start importing Assets/WebGLTemplates/WebGLHtmlController.cs using Guid(b41b9e062908e66449dcbaf87d27dfe4) Importer(2089858483,0ecaa5967403d082aa24f35e1b516d23) [PhysX] Initialized MultithreadedTaskDispatcher with 4 workers.
 -> (artifact id: '620c2340f5dbf9b2b5e6ac0d838305a4') in 0.020005 seconds
Number of updated asset objects reloaded before import = 0
Number of asset objects unloaded after import = 1
========================================================================
Received Import Request.
  Time since last request: 0.000060 seconds.
  path: Assets/Polytope Studio/Lowpoly_Village/Sources/Shaders/PT_Buildings_Shader_PBR.shader
  artifactKey: Guid(255b400e6b8ac644588946664da1ff3f) Importer(2089858483,0ecaa5967403d082aa24f35e1b516d23)
Start importing Assets/Polytope Studio/Lowpoly_Village/Sources/Shaders/PT_Buildings_Shader_PBR.shader using Guid(255b400e6b8ac644588946664da1ff3f) Importer(2089858483,0ecaa5967403d082aa24f35e1b516d23) [PhysX] Initialized MultithreadedTaskDispatcher with 4 workers.
 -> (artifact id: '5f82f87b9b1194588110f8045ccff730') in 0.038935 seconds
Number of updated asset objects reloaded before import = 0
Number of asset objects unloaded after import = 1
========================================================================
Received Import Request.
  Time since last request: 0.000027 seconds.
  path: Assets/Polytope Studio/Lowpoly_Village/Sources/Meshes/Modular/Fence/PT_Modular_Gate_Wood_01.fbx
  artifactKey: Guid(be10e17a73c475f41849cedee3245fd3) Importer(2089858483,0ecaa5967403d082aa24f35e1b516d23)
Start importing Assets/Polytope Studio/Lowpoly_Village/Sources/Meshes/Modular/Fence/PT_Modular_Gate_Wood_01.fbx using Guid(be10e17a73c475f41849cedee3245fd3) Importer(2089858483,0ecaa5967403d082aa24f35e1b516d23) [PhysX] Initialized MultithreadedTaskDispatcher with 4 workers.
 -> (artifact id: 'd97fc2c042db5d52a9a60644287675eb') in 0.034999 seconds
Number of updated asset objects reloaded before import = 0
Number of asset objects unloaded after import = 22
========================================================================
Received Import Request.
  Time since last request: 0.000022 seconds.
  path: Assets/Material/New Material 1.mat
  artifactKey: Guid(bb90f2fd0387b7d44b5063860c13f3df) Importer(2089858483,0ecaa5967403d082aa24f35e1b516d23)
Start importing Assets/Material/New Material 1.mat using Guid(bb90f2fd0387b7d44b5063860c13f3df) Importer(2089858483,0ecaa5967403d082aa24f35e1b516d23) [PhysX] Initialized MultithreadedTaskDispatcher with 4 workers.
 -> (artifact id: 'efcbe2ebdb0406cbf7dd5e28e6df062b') in 0.026790 seconds
Number of updated asset objects reloaded before import = 0
Number of asset objects unloaded after import = 1
========================================================================
Received Import Request.
  Time since last request: 0.000027 seconds.
  path: Assets/Little_GhostLP(FREE)/Material/Ghost Kid/Blue 3.mat
  artifactKey: Guid(7ccd65bab498679439453235e6edb246) Importer(2089858483,0ecaa5967403d082aa24f35e1b516d23)
Start importing Assets/Little_GhostLP(FREE)/Material/Ghost Kid/Blue 3.mat using Guid(7ccd65bab498679439453235e6edb246) Importer(2089858483,0ecaa5967403d082aa24f35e1b516d23) [PhysX] Initialized MultithreadedTaskDispatcher with 4 workers.
 -> (artifact id: 'a85777457d069ec04efb54005d3adeb1') in 0.031256 seconds
Number of updated asset objects reloaded before import = 0
Number of asset objects unloaded after import = 2
========================================================================
Received Import Request.
  Time since last request: 0.000027 seconds.
  path: Assets/Material/New Material 4.mat
  artifactKey: Guid(7fe22c643ebd4ed4e93a365cead79424) Importer(2089858483,0ecaa5967403d082aa24f35e1b516d23)
Start importing Assets/Material/New Material 4.mat using Guid(7fe22c643ebd4ed4e93a365cead79424) Importer(2089858483,0ecaa5967403d082aa24f35e1b516d23) [PhysX] Initialized MultithreadedTaskDispatcher with 4 workers.
 -> (artifact id: 'f247df6830097707eff9f64b99cf3e77') in 0.030202 seconds
Number of updated asset objects reloaded before import = 0
Number of asset objects unloaded after import = 1
========================================================================
Received Import Request.
  Time since last request: 0.000019 seconds.
  path: Assets/Little_GhostLP(FREE)/Prefabs/LittleGhost_LP (6).prefab
  artifactKey: Guid(4b5b08dfd84e3c342b10a4e2ed977d48) Importer(2089858483,0ecaa5967403d082aa24f35e1b516d23)
Start importing Assets/Little_GhostLP(FREE)/Prefabs/LittleGhost_LP (6).prefab using Guid(4b5b08dfd84e3c342b10a4e2ed977d48) Importer(2089858483,0ecaa5967403d082aa24f35e1b516d23) [PhysX] Initialized MultithreadedTaskDispatcher with 4 workers.
 -> (artifact id: '0c2ca5c7c3f8978b2a3273326f308865') in 0.033513 seconds
Number of updated asset objects reloaded before import = 0
Number of asset objects unloaded after import = 53
========================================================================
Received Import Request.
  Time since last request: 298.664516 seconds.
  path: Assets/WebGLTemplates/MyTemplate.html
  artifactKey: Guid(b9378fac46569bb4ebb22e09c6530c2d) Importer(815301076,1909f56bfc062723c751e8b465ee728b)
Start importing Assets/WebGLTemplates/MyTemplate.html using Guid(b9378fac46569bb4ebb22e09c6530c2d) Importer(815301076,1909f56bfc062723c751e8b465ee728b) [PhysX] Initialized MultithreadedTaskDispatcher with 4 workers.
 -> (artifact id: '2b5d01392cba0ed6b72e909df07376f3') in 0.001821 seconds
Number of updated asset objects reloaded before import = 0
Number of asset objects unloaded after import = 1
========================================================================
Received Import Request.
  Time since last request: 0.965303 seconds.
  path: Assets/WebGLTemplates/MyTemplate.html
  artifactKey: Guid(b9378fac46569bb4ebb22e09c6530c2d) Importer(2089858483,0ecaa5967403d082aa24f35e1b516d23)
Start importing Assets/WebGLTemplates/MyTemplate.html using Guid(b9378fac46569bb4ebb22e09c6530c2d) Importer(2089858483,0ecaa5967403d082aa24f35e1b516d23) [PhysX] Initialized MultithreadedTaskDispatcher with 4 workers.
 -> (artifact id: '82541d321014db846a7f5f956b44ebdb') in 0.016299 seconds
Number of updated asset objects reloaded before import = 0
Number of asset objects unloaded after import = 1
========================================================================
Received Prepare
Refreshing native plugins compatible for Editor in 5.00 ms, found 3 plugins.
Preloading 0 native plugins for Editor in 0.00 ms.
Unloading 0 Unused Serialized files (Serialized files now loaded: 0)
Unloading 2 unused Assets / (2.4 KB). Loaded Objects now: 3636.
Memory consumption went from 96.9 MB to 96.9 MB.
Total: 5.240500 ms (FindLiveObjects: 0.363000 ms CreateObjectMapping: 0.431000 ms MarkObjects: 4.410400 ms  DeleteObjects: 0.034100 ms)

Prepare: number of updated asset objects reloaded= 0
AssetImportParameters requested are different than current active one (requested -> active):
  colorSpace: 0 -> 1
  custom:container-demuxer-ogg: 62fdf1f143b41e24485cea50d1cbac27 -> 
  custom:video-codec-MediaFoundation-h265: 746d11721c4dcdbdad8f713fa42b33f4 -> 
  custom:video-decoder-ogg-theora: a1e56fd34408186e4bbccfd4996cb3dc -> 
  custom:framework-win-MediaFoundation: 216162199b28c13a410421893ffa2e32 -> 
  custom:scripting/monoscript/fileName/NewBehaviourScript.cs: b21687ddb03d73bd9f0c1daecb9714de -> 
  custom:CustomObjectIndexerAttribute: 9a22284fe3817be447336de3de66b15e -> 
  custom:scripting/monoscript/fileName/ItemCatalog.cs: b2053100239fe8bf89ade50a293d8323 -> 
  custom:container-demuxer-webm: 4f35f7cbe854078d1ac9338744f61a02 -> 
  custom:container-muxer-webm: aa71ff27fc2769a1b78a27578f13a17b -> 
  custom:video-decoder-webm-vp8: 9c59270c3fd7afecdb556c50c9e8de78 -> 
  custom:SearchIndexIgnoredProperties: e643bd26f0fe6173181afceb89e7c659 -> 
  custom:AudioImporter_EditorPlatform: d09bf68614088b80899f8185d706f6e7 -> 
  custom:scripting/monoscript/fileName/WebGLHtmlController.cs: ced719fde89a539f731294762e6bc1e4 -> 
  custom:video-encoder-webm-vp8: eb34c28f22e8b96e1ab97ce403110664 -> 
  custom:graphics/active-color-space: 02000000000000000000000000000000 -> 03000000000000000000000000000000
  custom:audio-decoder-ogg-vorbis: bf7c407c2cedff20999df2af8eb42d56 -> 
  custom:scripting/monoscript/fileName/Item.cs: e2626df27719ae821590ab6ec2382d8f -> 
  custom:audio-encoder-webm-vorbis: bf7c407c2cedff20999df2af8eb42d56 -> 
  custom:scripting/precompiled-assembly-types:Assembly-CSharp: ae53717a980162d276f652cf8b1275ee -> 9a606d0c7e5ace70f10c0f3d447b9730
========================================================================
Received Prepare
Refreshing native plugins compatible for Editor in 5.32 ms, found 3 plugins.
Preloading 0 native plugins for Editor in 0.00 ms.
Unloading 1 Unused Serialized files (Serialized files now loaded: 0)
Unloading 1 unused Assets / (3.1 KB). Loaded Objects now: 3636.
Memory consumption went from 97.2 MB to 97.2 MB.
Total: 4.822100 ms (FindLiveObjects: 0.347500 ms CreateObjectMapping: 0.300200 ms MarkObjects: 4.148600 ms  DeleteObjects: 0.024200 ms)

Prepare: number of updated asset objects reloaded= 0
AssetImportParameters requested are different than current active one (requested -> active):
  colorSpace: 0 -> 1
  custom:container-demuxer-ogg: 62fdf1f143b41e24485cea50d1cbac27 -> 
  custom:video-codec-MediaFoundation-h265: 746d11721c4dcdbdad8f713fa42b33f4 -> 
  custom:video-decoder-ogg-theora: a1e56fd34408186e4bbccfd4996cb3dc -> 
  custom:framework-win-MediaFoundation: 216162199b28c13a410421893ffa2e32 -> 
  custom:scripting/monoscript/fileName/NewBehaviourScript.cs: b21687ddb03d73bd9f0c1daecb9714de -> 
  custom:CustomObjectIndexerAttribute: 9a22284fe3817be447336de3de66b15e -> 
  custom:scripting/monoscript/fileName/ItemCatalog.cs: b2053100239fe8bf89ade50a293d8323 -> 
  custom:container-demuxer-webm: 4f35f7cbe854078d1ac9338744f61a02 -> 
  custom:container-muxer-webm: aa71ff27fc2769a1b78a27578f13a17b -> 
  custom:video-decoder-webm-vp8: 9c59270c3fd7afecdb556c50c9e8de78 -> 
  custom:SearchIndexIgnoredProperties: e643bd26f0fe6173181afceb89e7c659 -> 
  custom:AudioImporter_EditorPlatform: d09bf68614088b80899f8185d706f6e7 -> 
  custom:scripting/monoscript/fileName/WebGLHtmlController.cs: ced719fde89a539f731294762e6bc1e4 -> 
  custom:video-encoder-webm-vp8: eb34c28f22e8b96e1ab97ce403110664 -> 
  custom:graphics/active-color-space: 02000000000000000000000000000000 -> 03000000000000000000000000000000
  custom:audio-decoder-ogg-vorbis: bf7c407c2cedff20999df2af8eb42d56 -> 
  custom:scripting/monoscript/fileName/Item.cs: e2626df27719ae821590ab6ec2382d8f -> 
  custom:audio-encoder-webm-vorbis: bf7c407c2cedff20999df2af8eb42d56 -> 
  custom:scripting/precompiled-assembly-types:Assembly-CSharp: ae53717a980162d276f652cf8b1275ee -> 9a606d0c7e5ace70f10c0f3d447b9730
========================================================================
Received Import Request.
  Time since last request: 214.380221 seconds.
  path: Assets/WebGLTemplates/WebGLHtmlController.cs
  artifactKey: Guid(b41b9e062908e66449dcbaf87d27dfe4) Importer(815301076,1909f56bfc062723c751e8b465ee728b)
Start importing Assets/WebGLTemplates/WebGLHtmlController.cs using Guid(b41b9e062908e66449dcbaf87d27dfe4) Importer(815301076,1909f56bfc062723c751e8b465ee728b) [PhysX] Initialized MultithreadedTaskDispatcher with 4 workers.
 -> (artifact id: '7ed68a548307d0fd104be3c017586c57') in 0.011124 seconds
Number of updated asset objects reloaded before import = 0
Number of asset objects unloaded after import = 0
========================================================================
Received Import Request.
  Time since last request: 93.489778 seconds.
  path: Assets/WebGLTemplates/style.css
  artifactKey: Guid(dfc5d37f8e8962747a7e603716522c5a) Importer(2089858483,0ecaa5967403d082aa24f35e1b516d23)
Start importing Assets/WebGLTemplates/style.css using Guid(dfc5d37f8e8962747a7e603716522c5a) Importer(2089858483,0ecaa5967403d082aa24f35e1b516d23) [PhysX] Initialized MultithreadedTaskDispatcher with 4 workers.
 -> (artifact id: 'c3a78fd8120e6c4dfc0f830a17f8fcdd') in 0.018118 seconds
Number of updated asset objects reloaded before import = 0
Number of asset objects unloaded after import = 1
